CustomerID,Recency,Frequency,Monetary,R_Score,F_Score,M_Score,RFM_Score,Segment
12347.0,2,7,2430.57,5,5,5,555,Champions
12348.0,249,1,17.0,1,1,1,111,Churned
12349.0,19,1,997.35,4,1,4,414,Regular
12350.0,310,1,274.0,1,1,2,112,Churned
12352.0,36,7,1147.44,3,5,5,355,Regular
12353.0,204,1,29.300000000000004,1,1,1,111,Churned
12354.0,232,1,651.5500000000001,1,1,4,114,Churned
12355.0,214,1,149.4,1,1,2,112,Churned
12356.0,246,2,231.86,1,2,2,122,Churned
12357.0,33,1,967.51,4,1,4,414,Regular
12358.0,151,1,99.36,2,1,1,211,Churned
12359.0,58,4,3307.77,3,4,5,345,Regular
12360.0,52,3,1751.3,3,3,5,335,Regular
12361.0,287,1,174.9,1,1,2,112,Churned
12362.0,3,10,4046.32,5,5,5,555,Champions
12363.0,110,2,194.28,2,2,2,222,Churned
12364.0,8,3,682.38,5,3,4,534,Regular
12365.0,291,1,307.94,1,1,3,113,Churned
12367.0,4,1,117.3,5,1,1,511,Regular
12370.0,51,4,1705.25,3,4,5,345,Regular
12371.0,60,1,1181.06,3,1,5,315,Regular
12372.0,72,3,551.1,3,3,4,334,Regular
12373.0,311,1,221.10000000000002,1,1,2,112,Churned
12374.0,25,1,457.51,4,1,3,413,Regular
12375.0,11,2,231.9,5,2,2,522,Regular
12377.0,315,2,977.58,1,2,4,124,Churned
12378.0,130,1,3094.18,2,1,5,215,Churned
12379.0,82,2,647.04,2,2,4,224,Churned
12380.0,22,4,1437.55,4,4,5,445,Champions
12381.0,5,5,1137.1200000000001,5,4,5,545,Champions
12383.0,185,5,738.38,1,4,4,144,Regular
12384.0,29,2,351.72,4,2,3,423,Regular
12386.0,367,1,84.3,1,1,1,111,Churned
12388.0,16,6,1190.6200000000001,4,5,5,455,Champions
12390.0,80,1,313.3,2,1,3,213,Churned
12391.0,22,1,418.03000000000003,4,1,3,413,Regular
12393.0,72,4,1167.1000000000001,3,4,5,345,Regular
12394.0,217,1,331.18,1,1,3,113,Churned
12395.0,19,12,1745.45,4,5,5,455,Champions
12397.0,36,2,1610.03,3,2,5,325,Regular
12398.0,46,1,706.42,3,1,4,314,Regular
12399.0,119,4,514.92,2,4,3,243,Regular
12401.0,303,1,32.85,1,1,1,111,Churned
12402.0,323,1,195.6,1,1,2,112,Churned
12403.0,50,1,9.9,3,1,1,311,Regular
12405.0,149,1,629.37,2,1,4,214,Churned
12406.0,22,2,1186.14,4,2,5,425,Regular
12407.0,50,5,657.51,3,4,4,344,Regular
12408.0,33,5,1276.07,4,4,5,445,Champions
12409.0,79,1,4.95,2,1,1,211,Churned
12410.0,309,1,258.15,1,1,2,112,Churned
12412.0,75,3,646.26,2,3,4,234,Regular
12413.0,67,3,541.3000000000001,3,3,4,334,Regular
12414.0,217,2,145.64999999999998,1,2,2,122,Churned
12415.0,66,7,325.54,3,5,3,353,Regular
12417.0,3,9,2016.96,5,5,5,555,Champions
12418.0,113,1,306.83,2,1,3,213,Churned
12420.0,64,1,334.22,3,1,3,313,Regular
12421.0,16,4,509.41,4,4,3,443,Regular
12422.0,96,3,627.3100000000001,2,3,4,234,Regular
12423.0,1,8,1303.53,5,5,5,555,Champions
12424.0,163,2,233.92000000000002,2,2,2,222,Churned
12425.0,78,1,425.09999999999997,2,1,3,213,Churned
12426.0,195,1,491.28000000000003,1,1,3,113,Churned
12427.0,22,3,399.15999999999997,4,3,3,433,Regular
12428.0,26,7,3270.44,4,5,5,455,Champions
12429.0,9,4,913.44,5,4,4,544,Champions
12430.0,43,1,118.92,3,1,1,311,Regular
12431.0,60,13,3175.4300000000003,3,5,5,355,Regular
12432.0,43,3,871.98,3,3,4,334,Regular
12433.0,1,7,3267.9,5,5,5,555,Champions
12434.0,85,2,663.64,2,2,4,224,Churned
12436.0,100,1,141.16,2,1,2,212,Churned
12437.0,2,17,1861.98,5,5,5,555,Champions
12438.0,14,2,1100.98,5,2,4,524,Regular
12441.0,367,1,124.05000000000001,1,1,1,111,Churned
12442.0,3,1,75.48,5,1,1,511,Regular
12444.0,21,5,2135.61,4,4,5,445,Champions
12445.0,22,1,17.4,4,1,1,411,Regular
12446.0,58,1,783.86,3,1,4,314,Regular
12447.0,243,1,411.59,1,1,3,113,Churned
12448.0,44,1,242.60999999999999,3,1,2,312,Regular
12449.0,22,4,2596.62,4,4,5,445,Champions
12450.0,173,1,101.88,2,1,1,211,Churned
12451.0,11,5,3655.27,5,4,5,545,Champions
12452.0,17,1,257.67,4,1,2,412,Regular
12453.0,134,1,614.09,2,1,4,214,Churned
12455.0,73,5,760.0600000000001,2,4,4,244,Regular
12456.0,44,3,1361.68,3,3,5,335,Regular
12457.0,86,2,766.93,2,2,4,224,Churned
12458.0,71,2,505.58000000000004,3,2,3,323,Regular
12461.0,155,1,414.52,2,1,3,213,Churned
12462.0,19,2,689.9,4,2,4,424,Regular
12463.0,53,4,1109.78,3,4,4,344,Regular
12464.0,150,4,76.5,2,4,1,241,Regular
12465.0,17,2,581.89,4,2,4,424,Regular
12468.0,188,2,491.99,1,2,3,123,Churned
12471.0,2,26,4741.15,5,5,5,555,Champions
12472.0,32,7,4156.47,4,5,5,455,Champions
12473.0,54,3,1907.48,3,3,5,335,Regular
12474.0,17,17,5377.75,4,5,5,455,Champions
12475.0,54,1,452.14,3,1,3,313,Regular
12476.0,16,10,2802.9900000000002,4,5,5,455,Champions
12477.0,23,6,3542.08,4,5,5,455,Champions
12478.0,4,1,511.99,5,1,3,513,Regular
12479.0,11,1,366.59,5,1,3,513,Regular
12480.0,28,4,2124.04,4,4,5,445,Champions
12481.0,23,10,2238.08,4,5,5,455,Champions
12483.0,17,7,983.2,4,5,4,454,Champions
12484.0,35,4,3096.77,3,4,5,345,Regular
12488.0,10,3,744.08,5,3,4,534,Regular
12489.0,336,1,197.25,1,1,2,112,Churned
12490.0,5,10,3245.37,5,5,5,555,Champions
12491.0,39,1,335.15000000000003,3,1,3,313,Regular
12492.0,63,2,201.11,3,2,2,322,Regular
12493.0,166,2,332.91,2,2,3,223,Churned
12494.0,16,7,843.75,4,5,4,454,Champions
12498.0,21,3,349.70000000000005,4,3,3,433,Regular
12500.0,50,7,347.23,3,5,3,353,Regular
12501.0,337,1,1575.3,1,1,5,115,Churned
12502.0,96,5,1694.32,2,4,5,245,Regular
12506.0,233,1,73.5,1,1,1,111,Churned
12507.0,299,1,160.5,1,1,2,112,Churned
12508.0,26,2,398.27,4,2,3,423,Regular
12509.0,284,1,25.5,1,1,1,111,Churned
12510.0,143,2,449.05,2,2,3,223,Churned
12512.0,66,2,127.53,3,2,1,321,Regular
12513.0,113,1,404.84,2,1,3,213,Churned
12514.0,267,1,765.28,1,1,4,114,Churned
12515.0,353,1,164.4,1,1,2,112,Churned
12516.0,78,2,104.08,2,2,1,221,Churned
12517.0,28,4,2295.89,4,4,5,445,Champions
12518.0,1,5,1415.29,5,4,5,545,Champions
12519.0,64,1,224.04,3,1,2,312,Regular
12520.0,79,5,1861.34,2,4,5,245,Regular
12521.0,143,1,489.13,2,1,3,213,Churned
12522.0,39,2,133.76,3,2,1,321,Regular
12523.0,19,11,1155.13,4,5,5,455,Champions
12524.0,9,8,1311.1499999999999,5,5,5,555,Champions
12526.0,1,3,1091.92,5,3,4,534,Regular
12527.0,82,3,129.43,2,3,1,231,Regular
12528.0,9,6,887.03,5,5,4,554,Champions
12530.0,60,4,884.1600000000001,3,4,4,344,Regular
12531.0,15,1,95.27,5,1,1,511,Regular
12532.0,30,1,259.47,4,1,2,412,Regular
12534.0,131,1,759.13,2,1,4,214,Churned
12535.0,92,2,484.25,2,2,3,223,Churned
12536.0,59,1,3098.19,3,1,5,315,Regular
12538.0,29,1,303.99,4,1,3,413,Regular
12539.0,22,4,3845.86,4,4,5,445,Champions
12540.0,20,17,4924.14,4,5,5,455,Champions
12541.0,30,3,513.12,4,3,3,433,Regular
12544.0,36,1,316.7,3,1,3,313,Regular
12545.0,75,2,554.2,2,2,4,224,Churned
12546.0,47,2,986.08,3,2,4,324,Regular
12547.0,281,1,30.599999999999998,1,1,1,111,Churned
12548.0,166,1,67.19999999999999,2,1,1,211,Churned
12550.0,79,1,739.7,2,1,4,214,Churned
12551.0,358,1,168.0,1,1,2,112,Churned
12552.0,40,1,204.47,3,1,2,312,Regular
12553.0,8,10,2654.88,5,5,5,555,Champions
12556.0,50,2,547.48,3,2,4,324,Regular
12558.0,8,1,94.76,5,1,1,511,Regular
12559.0,320,1,183.0,1,1,2,112,Churned
12560.0,5,2,1461.12,5,2,5,525,Regular
12561.0,303,1,196.85,1,1,2,112,Churned
12562.0,8,7,2378.3,5,5,5,555,Champions
12564.0,261,1,352.05,1,1,3,113,Churned
12565.0,289,1,145.92,1,1,2,112,Churned
12566.0,86,1,130.15,2,1,1,211,Churned
12567.0,23,10,6524.11,4,5,5,455,Champions
12569.0,2,27,1860.29,5,5,5,555,Champions
12571.0,40,2,330.96999999999997,3,2,3,323,Regular
12572.0,9,2,687.17,5,2,4,524,Regular
12573.0,227,1,150.59,1,1,2,112,Churned
12574.0,316,1,162.55,1,1,2,112,Churned
12576.0,36,5,1153.07,3,4,5,345,Regular
12577.0,35,3,595.4,3,3,4,334,Regular
12578.0,21,2,1771.66,4,2,5,425,Regular
12579.0,78,1,318.92,2,1,3,213,Churned
12580.0,247,1,379.7,1,1,3,113,Churned
12581.0,40,1,159.26,3,1,2,312,Regular
12582.0,239,2,300.72,1,2,3,123,Churned
12583.0,3,15,2113.88,5,5,5,555,Champions
12584.0,4,8,1169.3,5,5,5,555,Champions
12585.0,234,2,936.05,1,2,4,124,Churned
12586.0,17,1,183.66000000000003,4,1,2,412,Regular
12587.0,8,1,20.8,5,1,1,511,Regular
12588.0,39,1,79.65,3,1,1,311,Regular
12589.0,29,2,327.28,4,2,3,423,Regular
12591.0,317,1,291.0,1,1,3,113,Churned
12592.0,92,2,350.6,2,2,3,223,Churned
12593.0,109,3,342.59999999999997,2,3,3,233,Regular
12594.0,47,7,1696.5,3,5,5,355,Regular
12596.0,51,2,209.19,3,2,2,322,Regular
12597.0,19,4,2342.43,4,4,5,445,Champions
12598.0,10,7,1582.53,5,5,5,555,Champions
12599.0,29,7,421.3,4,5,3,453,Regular
12600.0,29,9,547.52,4,5,4,454,Champions
12601.0,190,5,336.71,1,4,3,143,Regular
12602.0,59,1,129.22,3,1,1,311,Regular
12604.0,79,2,150.98,2,2,2,222,Churned
12607.0,60,1,1175.86,3,1,5,315,Regular
12609.0,78,3,821.8100000000001,2,3,4,234,Regular
12610.0,23,4,1178.14,4,4,5,445,Champions
12611.0,52,1,817.06,3,1,4,314,Regular
12612.0,74,1,124.80000000000001,2,1,1,211,Churned
12613.0,57,4,2313.72,3,4,5,345,Regular
12614.0,278,1,265.85,1,1,2,112,Churned
12615.0,2,4,1345.13,5,4,5,545,Champions
12616.0,95,2,386.79999999999995,2,2,3,223,Churned
12617.0,29,1,335.63,4,1,3,413,Regular
12618.0,22,1,116.31,4,1,1,411,Regular
12619.0,16,7,506.29999999999995,4,5,3,453,Regular
12620.0,15,3,1003.18,5,3,4,534,Regular
12621.0,2,18,5670.54,5,5,5,555,Champions
12622.0,232,1,123.85,1,1,1,111,Churned
12623.0,276,1,219.6,1,1,2,112,Churned
12624.0,106,2,499.98,2,2,3,223,Churned
12625.0,212,2,562.1800000000001,1,2,4,124,Churned
12626.0,23,9,3581.43,4,5,5,455,Champions
12627.0,11,6,3288.56,5,5,5,555,Champions
12628.0,4,3,564.96,5,3,4,534,Regular
12630.0,10,2,875.5,5,2,4,524,Regular
12631.0,57,1,386.1,3,1,3,313,Regular
12633.0,59,4,1290.46,3,4,5,345,Regular
12635.0,90,2,1336.39,2,2,5,225,Churned
12637.0,67,8,4385.12,3,5,5,355,Regular
12638.0,33,1,351.85,4,1,3,413,Regular
12639.0,239,1,311.2,1,1,3,113,Churned
12640.0,25,2,598.67,4,2,4,424,Regular
12641.0,115,1,115.7,2,1,1,211,Churned
12642.0,25,3,438.25,4,3,3,433,Regular
12643.0,221,1,2.0,1,1,1,111,Churned
12644.0,130,1,360.72,2,1,3,213,Churned
12645.0,34,4,901.74,3,4,4,344,Regular
12646.0,5,2,594.8,5,2,4,524,Regular
12647.0,22,11,1204.21,4,5,5,455,Champions
12648.0,155,1,255.3,2,1,2,212,Churned
12649.0,107,3,342.59,2,3,3,233,Regular
12650.0,3,1,132.52,5,1,1,511,Regular
12651.0,335,1,114.0,1,1,1,111,Churned
12652.0,331,1,655.6,1,1,4,114,Churned
12653.0,149,2,292.46,2,2,3,223,Churned
12654.0,11,5,499.33,5,4,3,543,Regular
12656.0,17,5,1707.15,4,4,5,445,Champions
12657.0,11,3,502.40000000000003,5,3,3,533,Regular
12658.0,19,1,468.5,4,1,3,413,Regular
12659.0,30,1,30.0,4,1,1,411,Regular
12660.0,11,1,203.7,5,1,2,512,Regular
12662.0,1,11,3292.11,5,5,5,555,Champions
12664.0,87,3,108.0,2,3,1,231,Regular
12665.0,325,1,15.0,1,1,1,111,Churned
12667.0,58,1,344.77,3,1,3,313,Regular
12668.0,12,4,2186.06,5,4,5,545,Champions
12669.0,151,2,1161.94,2,2,5,225,Churned
12670.0,10,5,1137.37,5,4,5,545,Champions
12672.0,330,1,133.95,1,1,1,111,Churned
12673.0,5,2,454.22,5,2,3,523,Regular
12674.0,39,4,1004.12,3,4,4,344,Regular
12676.0,25,6,481.01,4,5,3,453,Regular
12678.0,43,6,268.31,3,5,2,352,Regular
12679.0,284,1,609.86,1,1,4,114,Churned
12680.0,1,4,723.05,5,4,4,544,Champions
12681.0,15,21,7580.46,5,5,5,555,Champions
12682.0,4,30,7452.47,5,5,5,555,Champions
12683.0,4,14,3692.25,5,5,5,555,Champions
12684.0,8,6,900.39,5,5,4,554,Champions
12685.0,28,6,2072.37,4,5,5,455,Champions
12686.0,372,1,40.9,1,1,1,111,Churned
12688.0,114,1,1503.6200000000001,2,1,5,215,Churned
12689.0,26,2,927.5699999999999,4,2,4,424,Regular
12690.0,206,1,265.11,1,1,2,112,Churned
12691.0,58,4,434.6,3,4,3,343,Regular
12693.0,127,4,457.61,2,4,3,243,Regular
12694.0,70,2,270.5,3,2,2,322,Regular
12695.0,7,4,325.7,5,4,3,543,Regular
12697.0,29,3,486.3,4,3,3,433,Regular
12700.0,8,4,3368.44,5,4,5,545,Champions
12701.0,80,2,530.83,2,2,4,224,Churned
12702.0,20,1,201.0,4,1,2,412,Regular
12703.0,71,1,265.55,3,1,2,312,Regular
12704.0,7,7,1063.56,5,5,4,554,Champions
12705.0,15,8,4271.24,5,5,5,555,Champions
12707.0,292,1,391.72,1,1,3,113,Churned
12708.0,30,10,1977.2,4,5,5,455,Champions
12709.0,15,11,1478.69,5,5,5,555,Champions
12710.0,97,3,807.46,2,3,4,234,Regular
12712.0,29,13,1629.93,4,5,5,455,Champions
12713.0,1,1,451.62,5,1,3,513,Regular
12714.0,9,5,3443.19,5,4,5,545,Champions
12715.0,106,1,266.9,2,1,2,212,Churned
12716.0,4,2,822.31,5,2,4,524,Regular
12717.0,151,2,739.47,2,2,4,224,Churned
12718.0,71,1,168.43,3,1,2,312,Regular
12719.0,5,2,443.35,5,2,3,523,Regular
12720.0,3,23,3691.23,5,5,5,555,Champions
12721.0,32,6,1726.77,4,5,5,455,Champions
12722.0,85,3,620.68,2,3,4,234,Regular
12723.0,4,4,499.69,5,4,3,543,Regular
12724.0,5,4,813.61,5,4,4,544,Champions
12725.0,371,1,356.2,1,1,3,113,Churned
12726.0,28,7,695.22,4,5,4,454,Champions
12727.0,11,6,1423.1,5,5,5,555,Champions
12728.0,71,4,544.03,3,4,4,344,Regular
12729.0,114,1,357.05,2,1,3,213,Churned
12731.0,24,10,1745.13,4,5,5,455,Champions
12732.0,180,1,178.26000000000002,2,1,2,212,Churned
12733.0,234,1,276.85,1,1,2,112,Churned
12734.0,353,1,16.8,1,1,1,111,Churned
12735.0,315,2,324.25,1,2,3,123,Churned
12738.0,372,1,57.599999999999994,1,1,1,111,Churned
12739.0,99,1,377.34,2,1,3,213,Churned
12740.0,64,1,323.8,3,1,3,313,Regular
12743.0,134,2,415.09,2,2,3,223,Churned
12744.0,56,4,1543.76,3,4,5,345,Regular
12747.0,2,11,1372.09,5,5,5,555,Champions
12748.0,1,192,18695.47,5,5,5,555,Champions
12749.0,4,5,2548.9,5,4,5,545,Champions
12750.0,129,1,145.8,2,1,2,212,Churned
12752.0,81,1,79.69999999999999,2,1,1,211,Churned
12753.0,136,3,50.879999999999995,2,3,1,231,Regular
12754.0,277,2,61.62,1,2,1,121,Churned
12755.0,281,1,7.6,1,1,1,111,Churned
12757.0,16,7,2886.05,4,5,5,455,Champions
12758.0,117,2,932.85,2,2,4,224,Churned
12759.0,52,3,1190.29,3,3,5,335,Regular
12762.0,8,2,864.77,5,2,4,524,Regular
12763.0,369,1,190.48,1,1,2,112,Churned
12764.0,317,1,518.9300000000001,1,1,3,113,Churned
12766.0,4,7,4487.4400000000005,5,5,5,555,Champions
12769.0,239,1,365.94,1,1,3,113,Churned
12772.0,60,1,512.12,3,1,3,313,Regular
12775.0,17,5,552.62,4,4,4,444,Champions
12778.0,20,6,337.09,4,5,3,453,Regular
12779.0,38,8,1537.57,3,5,5,355,Regular
12781.0,64,2,73.80000000000001,3,2,1,321,Regular
12782.0,5,5,1368.31,5,4,5,545,Champions
12783.0,2,4,1107.3600000000001,5,4,4,544,Champions
12784.0,15,1,421.77,5,1,3,513,Regular
12785.0,364,1,197.0,1,1,2,112,Churned
12787.0,10,3,201.7,5,3,2,532,Regular
12790.0,192,1,195.16000000000003,1,1,2,112,Churned
12792.0,257,1,319.09,1,1,3,113,Churned
12793.0,335,2,395.48,1,2,3,123,Churned
12794.0,53,2,612.57,3,2,4,324,Regular
12795.0,19,1,144.63,4,1,2,412,Regular
12797.0,366,1,196.05,1,1,2,112,Churned
12802.0,187,1,297.02,1,1,3,113,Churned
12808.0,37,3,445.7,3,3,3,333,Regular
12809.0,178,1,303.51,2,1,3,213,Churned
12811.0,262,2,416.55,1,2,3,123,Churned
12812.0,45,1,190.04000000000002,3,1,2,312,Regular
12815.0,148,2,696.36,2,2,4,224,Churned
12816.0,96,2,361.3,2,2,3,223,Churned
12817.0,281,1,27.04,1,1,1,111,Churned
12818.0,262,1,45.60000000000001,1,1,1,111,Churned
12820.0,3,4,824.14,5,4,4,544,Champions
12821.0,214,1,60.12,1,1,1,111,Churned
12822.0,71,2,696.0600000000001,3,2,4,324,Regular
12824.0,60,1,349.42,3,1,3,313,Regular
12826.0,3,7,1325.98,5,5,5,555,Champions
12827.0,6,3,385.6,5,3,3,533,Regular
12828.0,3,6,767.35,5,5,4,554,Champions
12829.0,337,2,60.3,1,2,1,121,Churned
12831.0,262,1,82.75,1,1,1,111,Churned
12832.0,32,2,383.03,4,2,3,423,Regular
12833.0,145,1,312.85,2,1,3,213,Churned
12834.0,283,1,312.38,1,1,3,113,Churned
12836.0,59,4,1479.16,3,4,5,345,Regular
12837.0,173,1,74.65,2,1,1,211,Churned
12838.0,34,2,602.6800000000001,3,2,4,324,Regular
12839.0,3,14,4295.16,5,5,5,555,Champions
12840.0,144,4,2326.61,2,4,5,245,Regular
12841.0,5,25,2764.9900000000002,5,5,5,555,Champions
12842.0,70,2,329.77000000000004,3,2,3,323,Regular
12843.0,160,6,1118.24,2,5,4,254,Regular
12844.0,29,2,325.96000000000004,4,2,3,423,Regular
12845.0,269,2,54.79,1,2,1,121,Churned
12847.0,22,1,451.87,4,1,3,413,Regular
12849.0,31,2,369.98,4,2,3,423,Regular
12851.0,97,1,108.28,2,1,1,211,Churned
12852.0,295,1,216.15,1,1,2,112,Churned
12853.0,135,5,1145.3,2,4,5,245,Regular
12854.0,79,3,985.09,2,3,4,234,Regular
12855.0,373,1,38.1,1,1,1,111,Churned
12856.0,8,6,1876.3,5,5,5,555,Champions
12857.0,211,2,735.6,1,2,4,124,Churned
12863.0,52,1,15.0,3,1,1,311,Regular
12864.0,138,1,10.2,2,1,1,211,Churned
12865.0,26,2,1272.6,4,2,5,425,Regular
12866.0,283,1,376.72,1,1,3,113,Churned
12867.0,26,7,3093.69,4,5,5,455,Champions
12868.0,186,6,1461.99,1,5,5,155,Regular
12871.0,84,2,115.44,2,2,1,221,Churned
12872.0,327,2,465.82,1,2,3,123,Churned
12876.0,58,2,807.22,3,2,4,324,Regular
12877.0,4,11,1042.27,5,5,4,554,Champions
12878.0,236,2,601.79,1,2,4,124,Churned
12879.0,92,1,26.200000000000003,2,1,1,211,Churned
12881.0,276,1,69.0,1,1,1,111,Churned
12883.0,25,4,583.7900000000001,4,4,4,444,Champions
12884.0,88,1,139.05,2,1,2,212,Churned
12885.0,63,3,839.8199999999999,3,3,4,334,Regular
12886.0,68,2,1053.54,3,2,4,324,Regular
12888.0,255,1,25.200000000000003,1,1,1,111,Churned
12890.0,24,1,288.13,4,1,3,413,Regular
12893.0,31,1,188.14,4,1,2,412,Regular
12895.0,42,2,308.65,3,2,3,323,Regular
12897.0,205,1,29.700000000000003,1,1,1,111,Churned
12901.0,10,10,299.53,5,5,3,553,Regular
12902.0,265,1,87.78,1,1,1,111,Churned
12904.0,18,2,351.73,4,2,3,423,Regular
12906.0,12,4,431.44,5,4,3,543,Regular
12909.0,40,5,905.91,3,4,4,344,Regular
12910.0,23,6,620.32,4,5,4,454,Champions
12912.0,8,1,26.4,5,1,1,511,Regular
12913.0,16,4,253.37,4,4,2,442,Regular
12915.0,149,2,216.95,2,2,2,222,Churned
12916.0,139,4,1315.55,2,4,5,245,Regular
12919.0,8,6,683.8100000000001,5,5,4,554,Champions
12920.0,17,1,95.29,4,1,1,411,Regular
12921.0,9,37,9346.79,5,5,5,555,Champions
12922.0,161,1,332.9,2,1,3,213,Churned
12923.0,64,1,157.07,3,1,2,312,Regular
12924.0,88,4,140.65,2,4,2,242,Regular
12925.0,5,2,553.51,5,2,4,524,Regular
12928.0,35,5,1297.1000000000001,3,4,5,345,Regular
12929.0,312,1,70.95,1,1,1,111,Churned
12930.0,78,2,349.29,2,2,3,223,Churned
12931.0,67,2,48.160000000000004,3,2,1,321,Regular
12933.0,24,3,481.67,4,3,3,433,Regular
12935.0,2,7,1491.97,5,5,5,555,Champions
12936.0,17,3,545.74,4,3,4,434,Regular
12937.0,15,4,1164.78,5,4,5,545,Champions
12938.0,26,1,93.25999999999999,4,1,1,411,Regular
12940.0,55,2,641.16,3,2,4,324,Regular
12942.0,131,3,520.9,2,3,3,233,Regular
12944.0,36,2,439.40999999999997,3,2,3,323,Regular
12945.0,288,1,280.15000000000003,1,1,2,112,Churned
12947.0,144,5,1020.95,2,4,4,244,Regular
12948.0,16,7,1834.4,4,5,5,455,Champions
12949.0,31,8,2987.12,4,5,5,455,Champions
12950.0,8,1,77.0,5,1,1,511,Regular
12951.0,9,6,948.22,5,5,4,554,Champions
12952.0,6,4,1116.4,5,4,4,544,Champions
12953.0,10,1,274.95,5,1,2,512,Regular
12955.0,1,10,1598.3999999999999,5,5,5,555,Champions
12956.0,306,1,82.62,1,1,1,111,Churned
12957.0,10,8,3139.04,5,5,5,555,Champions
12962.0,7,2,240.89000000000001,5,2,2,522,Regular
12963.0,8,8,1499.43,5,5,5,555,Champions
12965.0,89,1,624.26,2,1,4,214,Churned
12966.0,10,1,147.68,5,1,2,512,Regular
12967.0,372,1,81.7,1,1,1,111,Churned
12968.0,112,1,30.0,2,1,1,211,Churned
12970.0,7,4,378.42,5,4,3,543,Regular
12971.0,4,65,2561.57,5,5,5,555,Champions
12974.0,198,1,124.85000000000001,1,1,1,111,Churned
12976.0,212,1,272.1,1,1,2,112,Churned
12977.0,156,1,10.74,2,1,1,211,Churned
12981.0,30,2,359.02,4,2,3,423,Regular
12982.0,243,1,376.5,1,1,3,113,Churned
12984.0,19,1,97.5,4,1,1,411,Regular
12985.0,1,2,840.68,5,2,4,524,Regular
12987.0,74,2,348.35,2,2,3,223,Churned
12988.0,292,1,330.67,1,1,3,113,Churned
12989.0,9,4,130.63,5,4,1,541,Regular
12990.0,31,2,143.0,4,2,2,422,Regular
12991.0,23,2,363.76,4,2,3,423,Regular
12993.0,23,4,407.8,4,4,3,443,Regular
12994.0,4,3,795.0600000000001,5,3,4,534,Regular
12997.0,22,4,750.65,4,4,4,444,Champions
12999.0,205,2,222.78,1,2,2,122,Churned
13000.0,260,2,408.5,1,2,3,123,Churned
13001.0,4,13,4190.18,5,5,5,555,Champions
13002.0,318,1,110.99999999999999,1,1,1,111,Churned
13003.0,215,1,59.050000000000004,1,1,1,111,Churned
13004.0,12,18,4699.02,5,5,5,555,Champions
13005.0,174,2,279.2,2,2,2,222,Churned
13006.0,56,1,31.8,3,1,1,311,Regular
13008.0,323,1,180.75,1,1,2,112,Churned
13011.0,372,1,50.550000000000004,1,1,1,111,Churned
13012.0,9,8,1357.23,5,5,5,555,Champions
13013.0,1,13,3013.0,5,5,5,555,Champions
13014.0,11,9,1306.68,5,5,5,555,Champions
13015.0,53,5,2366.15,3,4,5,345,Regular
13016.0,73,3,542.78,2,3,4,234,Regular
13018.0,16,27,5752.22,4,5,5,455,Champions
13021.0,4,9,1571.3700000000001,5,5,5,555,Champions
13023.0,64,2,558.78,3,2,4,324,Regular
13026.0,1,4,83.16,5,4,1,541,Regular
13028.0,23,2,435.59999999999997,4,2,3,423,Regular
13029.0,31,2,116.5,4,2,1,421,Regular
13030.0,11,2,551.8,5,2,4,524,Regular
13032.0,52,2,859.68,3,2,4,324,Regular
13033.0,357,1,190.55,1,1,2,112,Churned
13034.0,55,2,591.82,3,2,4,324,Regular
13035.0,74,2,295.20000000000005,2,2,3,223,Churned
13037.0,138,3,627.57,2,3,4,234,Regular
13038.0,80,3,333.15999999999997,2,3,3,233,Regular
13040.0,9,2,646.63,5,2,4,524,Regular
13043.0,273,1,94.7,1,1,1,111,Churned
13044.0,291,1,224.92,1,1,2,112,Churned
13045.0,99,1,198.38,2,1,2,212,Churned
13046.0,31,2,441.55,4,2,3,423,Regular
13047.0,32,10,2506.66,4,5,5,455,Champions
13048.0,14,4,1662.75,5,4,5,545,Champions
13049.0,318,1,143.70000000000002,1,1,2,112,Churned
13050.0,15,17,4479.84,5,5,5,555,Champions
13052.0,212,1,181.0,1,1,2,112,Churned
13055.0,78,3,947.76,2,3,4,234,Regular
13058.0,58,2,137.70000000000002,3,2,2,322,Regular
13059.0,250,1,85.65,1,1,1,111,Churned
13060.0,254,1,246.33,1,1,2,112,Churned
13061.0,72,1,126.66,3,1,1,311,Regular
13062.0,191,1,81.6,1,1,1,111,Churned
13064.0,13,4,805.02,5,4,4,544,Champions
13065.0,373,1,154.31,1,1,2,112,Churned
13066.0,24,2,327.15000000000003,4,2,3,423,Regular
13067.0,82,1,115.46000000000001,2,1,1,211,Churned
13069.0,1,24,2772.3,5,5,5,555,Champions
13070.0,192,1,145.6,1,1,2,112,Churned
13072.0,267,1,142.35000000000002,1,1,2,112,Churned
13075.0,130,1,166.61,2,1,2,212,Churned
13077.0,1,4,442.59000000000003,5,4,3,543,Regular
13078.0,3,26,3440.9900000000002,5,5,5,555,Champions
13079.0,22,4,94.9,4,4,1,441,Regular
13080.0,179,1,25.2,2,1,1,211,Churned
13081.0,12,10,10552.91,5,5,5,555,Champions
13082.0,126,8,761.4,2,5,4,254,Regular
13083.0,4,2,217.07999999999998,5,2,2,522,Regular
13085.0,158,2,281.28000000000003,2,2,2,222,Churned
13089.0,4,74,20648.79,5,5,5,555,Champions
13090.0,9,11,1344.55,5,5,5,555,Champions
13091.0,28,1,166.12,4,1,2,412,Regular
13092.0,212,4,236.85000000000002,1,4,2,142,Regular
13093.0,287,7,1179.17,1,5,5,155,Regular
13095.0,71,1,32.4,3,1,1,311,Regular
13097.0,33,10,3547.56,4,5,5,455,Champions
13098.0,1,24,3875.85,5,5,5,555,Champions
13101.0,234,1,49.9,1,1,1,111,Churned
13102.0,1,24,3731.29,5,5,5,555,Champions
13103.0,40,1,100.24,3,1,1,311,Regular
13104.0,3,4,173.88,5,4,2,542,Regular
13107.0,44,4,506.64,3,4,3,343,Regular
13108.0,373,1,40.099999999999994,1,1,1,111,Churned
13109.0,60,2,635.94,3,2,4,324,Regular
13110.0,31,7,1173.42,4,5,5,455,Champions
13113.0,1,24,1523.42,5,5,5,555,Champions
13115.0,12,4,1782.9,5,4,5,545,Champions
13116.0,138,1,288.89,2,1,3,213,Churned
13117.0,22,8,772.0,4,5,4,454,Champions
13118.0,20,5,732.78,4,4,4,444,Champions
13120.0,239,1,30.599999999999998,1,1,1,111,Churned
13121.0,269,1,268.61,1,1,2,112,Churned
13122.0,240,1,795.42,1,1,4,114,Churned
13124.0,90,3,2391.84,2,3,5,235,Regular
13126.0,5,8,1327.09,5,5,5,555,Champions
13127.0,78,1,259.17,2,1,2,212,Churned
13130.0,94,1,25.0,2,1,1,211,Churned
13131.0,23,3,574.6,4,3,4,434,Regular
13132.0,262,1,15.299999999999999,1,1,1,111,Churned
13133.0,274,2,79.95,1,2,1,121,Churned
13134.0,86,4,1336.22,2,4,5,245,Regular
13136.0,56,5,2003.6100000000001,3,4,5,345,Regular
13137.0,11,8,3556.94,5,5,5,555,Champions
13138.0,22,6,952.31,4,5,4,454,Champions
13139.0,16,6,2290.28,4,5,5,455,Champions
13140.0,108,3,398.22,2,3,3,233,Regular
13141.0,85,5,1851.83,2,4,5,245,Regular
13142.0,19,1,205.42,4,1,2,412,Regular
13144.0,333,1,47.2,1,1,1,111,Churned
13145.0,92,1,15.0,2,1,1,211,Churned
13146.0,26,1,102.25,4,1,1,411,Regular
13148.0,29,11,2654.43,4,5,5,455,Champions
13149.0,14,4,967.12,5,4,4,544,Champions
13151.0,296,1,836.87,1,1,4,114,Churned
13153.0,6,1,131.10000000000002,5,1,1,511,Regular
13155.0,33,4,812.46,4,4,4,444,Champions
13157.0,49,4,1247.02,3,4,5,345,Regular
13158.0,95,4,1150.3,2,4,5,245,Regular
13159.0,9,4,1137.55,5,4,5,545,Champions
13160.0,22,1,57.0,4,1,1,411,Regular
13161.0,313,1,95.75,1,1,1,111,Churned
13162.0,122,4,542.55,2,4,4,244,Regular
13165.0,46,2,128.96,3,2,1,321,Regular
13166.0,283,1,376.9,1,1,3,113,Churned
13167.0,19,4,488.52,4,4,3,443,Regular
13168.0,36,4,979.84,3,4,4,344,Regular
13169.0,64,2,115.1,3,2,1,321,Regular
13170.0,27,1,109.17,4,1,1,411,Regular
13171.0,22,3,251.04,4,3,2,432,Regular
13173.0,4,2,273.46,5,2,2,522,Regular
13174.0,16,3,2128.77,4,3,5,435,Regular
13176.0,46,1,333.51,3,1,3,313,Regular
13177.0,65,1,282.45,3,1,2,312,Regular
13178.0,26,11,4220.89,4,5,5,455,Champions
13182.0,45,1,68.68,3,1,1,311,Regular
13183.0,8,9,738.95,5,5,4,554,Champions
13184.0,15,9,1092.72,5,5,4,554,Champions
13186.0,40,3,1341.3400000000001,3,3,5,335,Regular
13187.0,337,1,177.87,1,1,2,112,Churned
13189.0,19,2,78.72,4,2,1,421,Regular
13192.0,95,2,802.26,2,2,4,224,Churned
13193.0,61,1,100.92999999999999,3,1,1,311,Regular
13194.0,136,1,60.7,2,1,1,211,Churned
13196.0,11,4,1421.73,5,4,5,545,Champions
13198.0,10,6,2734.25,5,5,5,555,Champions
13199.0,43,8,215.51999999999998,3,5,2,352,Regular
13200.0,19,4,529.51,4,4,4,444,Champions
13203.0,10,4,568.64,5,4,4,544,Champions
13207.0,15,2,139.02,5,2,2,522,Regular
13208.0,59,6,1064.45,3,5,4,354,Regular
13209.0,30,7,3907.38,4,5,5,455,Champions
13210.0,94,1,277.4,2,1,2,212,Churned
13211.0,10,3,307.74,5,3,3,533,Regular
13212.0,20,3,585.88,4,3,4,434,Regular
13213.0,57,5,956.94,3,4,4,344,Regular
13216.0,268,1,10.5,1,1,1,111,Churned
13218.0,127,1,49.8,2,1,1,211,Churned
13220.0,78,2,101.34,2,2,1,221,Churned
13221.0,240,2,519.26,1,2,3,123,Churned
13223.0,200,1,62.4,1,1,1,111,Churned
13224.0,60,2,1155.96,3,2,5,325,Regular
13226.0,273,1,78.55,1,1,1,111,Churned
13227.0,202,1,90.0,1,1,1,111,Churned
13229.0,226,1,139.05,1,1,2,112,Churned
13230.0,4,14,2241.78,5,5,5,555,Champions
13232.0,13,7,984.02,5,5,4,554,Champions
13233.0,74,2,240.56,2,2,2,222,Churned
13235.0,212,1,738.57,1,1,4,114,Churned
13236.0,25,2,356.95,4,2,3,423,Regular
13238.0,23,3,493.68,4,3,3,433,Regular
13239.0,262,1,212.76999999999998,1,1,2,112,Churned
13240.0,96,4,602.78,2,4,4,244,Regular
13242.0,112,3,270.40000000000003,2,3,2,232,Regular
13243.0,203,1,480.02000000000004,1,1,3,113,Churned
13244.0,93,1,94.79,2,1,1,211,Churned
13245.0,51,1,209.45,3,1,2,312,Regular
13246.0,18,5,771.86,4,4,4,444,Champions
13247.0,22,3,273.6,4,3,2,432,Regular
13248.0,125,2,393.71,2,2,3,223,Churned
13249.0,93,1,115.23,2,1,1,211,Churned
13253.0,157,2,217.92,2,2,2,222,Churned
13255.0,9,2,149.56,5,2,2,522,Regular
13258.0,12,3,474.53,5,3,3,533,Regular
13259.0,62,1,258.32,3,1,2,312,Regular
13260.0,61,1,82.32000000000001,3,1,1,311,Regular
13262.0,263,1,88.37,1,1,1,111,Churned
13263.0,1,34,6602.09,5,5,5,555,Champions
13265.0,53,5,854.82,3,4,4,344,Regular
13266.0,11,12,1859.18,5,5,5,555,Champions
13267.0,3,19,3038.51,5,5,5,555,Champions
13268.0,18,10,2472.2,4,5,5,455,Champions
13269.0,1,15,3453.86,5,5,5,555,Champions
13271.0,37,1,217.38,3,1,2,312,Regular
13272.0,31,2,171.10000000000002,4,2,2,422,Regular
13273.0,113,1,123.28999999999999,2,1,1,211,Churned
13276.0,64,2,362.98,3,2,3,323,Regular
13277.0,16,3,159.4,4,3,2,432,Regular
13278.0,41,1,404.0,3,1,3,313,Regular
13279.0,78,1,128.39000000000001,2,1,1,211,Churned
13280.0,122,3,716.42,2,3,4,234,Regular
13282.0,18,3,338.44,4,3,3,433,Regular
13283.0,60,2,89.1,3,2,1,321,Regular
13284.0,331,1,135.54,1,1,2,112,Churned
13285.0,23,4,2399.52,4,4,5,445,Champions
13291.0,156,1,236.65,2,1,2,212,Churned
13292.0,39,2,368.77,3,2,3,323,Regular
13294.0,190,2,726.99,1,2,4,124,Churned
13295.0,360,1,184.20000000000002,1,1,2,112,Churned
13296.0,137,1,32.4,2,1,1,211,Churned
13297.0,8,4,800.0,5,4,4,544,Champions
13299.0,268,1,82.80000000000001,1,1,1,111,Churned
13300.0,169,1,335.89,2,1,3,213,Churned
13301.0,104,4,485.69,2,4,3,243,Regular
13304.0,351,1,253.79000000000002,1,1,2,112,Churned
13305.0,4,10,939.4300000000001,5,5,4,554,Champions
13307.0,120,1,15.0,2,1,1,211,Churned
13308.0,23,3,824.23,4,3,4,434,Regular
13309.0,7,5,1089.54,5,4,4,544,Champions
13310.0,28,3,960.23,4,3,4,434,Regular
13311.0,4,2,213.25,5,2,2,522,Regular
13313.0,22,5,1248.1200000000001,4,4,5,445,Champions
13314.0,2,3,601.41,5,3,4,534,Regular
13316.0,37,3,137.39,3,3,2,332,Regular
13317.0,66,6,1801.57,3,5,5,355,Regular
13318.0,1,3,202.48,5,3,2,532,Regular
13319.0,5,26,7555.7300000000005,5,5,5,555,Champions
13320.0,78,4,1461.4,2,4,5,245,Regular
13321.0,86,1,114.44,2,1,1,211,Churned
13322.0,17,1,126.98,4,1,1,411,Regular
13323.0,3,5,313.55,5,4,3,543,Regular
13324.0,36,2,69.60000000000001,3,2,1,321,Regular
13325.0,82,1,68.3,2,1,1,211,Churned
13327.0,39,7,1146.34,3,5,5,355,Regular
13328.0,316,1,105.6,1,1,1,111,Churned
13329.0,32,1,75.47999999999999,4,1,1,411,Regular
13330.0,93,3,895.74,2,3,4,234,Regular
13332.0,14,1,328.32,5,1,3,513,Regular
13334.0,82,3,2995.61,2,3,5,235,Regular
13336.0,77,1,643.1800000000001,2,1,4,214,Churned
13338.0,158,1,158.55,2,1,2,212,Churned
13339.0,201,1,660.16,1,1,4,114,Churned
13340.0,45,6,569.23,3,5,4,354,Regular
13341.0,261,1,590.35,1,1,4,114,Churned
13343.0,178,1,280.85,2,1,2,212,Churned
13344.0,68,3,1702.96,3,3,5,335,Regular
13345.0,288,1,299.70000000000005,1,1,3,113,Churned
13348.0,64,1,233.76,3,1,2,312,Regular
13349.0,11,1,142.12,5,1,2,512,Regular
13350.0,16,2,419.07,4,2,3,423,Regular
13351.0,66,1,293.94,3,1,3,313,Regular
13352.0,60,1,301.29999999999995,3,1,3,313,Regular
13354.0,71,1,661.81,3,1,4,314,Regular
13355.0,122,1,531.9,2,1,4,214,Churned
13356.0,80,1,524.89,2,1,3,213,Churned
13357.0,257,1,492.15,1,1,3,113,Churned
13358.0,269,1,318.57,1,1,3,113,Churned
13359.0,64,1,389.56,3,1,3,313,Regular
13362.0,9,4,2439.5,5,4,5,545,Champions
13363.0,18,2,744.47,4,2,4,424,Regular
13364.0,71,1,134.95999999999998,3,1,1,311,Regular
13365.0,34,2,1621.31,3,2,5,325,Regular
13368.0,257,2,363.7,1,2,3,123,Churned
13369.0,366,1,172.70000000000002,1,1,2,112,Churned
13370.0,372,1,574.75,1,1,4,114,Churned
13372.0,90,1,292.02,2,1,3,213,Churned
13373.0,61,3,2281.3,3,3,5,335,Regular
13375.0,89,1,566.14,2,1,4,214,Churned
13376.0,99,3,782.95,2,3,4,234,Regular
13379.0,26,3,501.64,4,3,3,433,Regular
13381.0,32,6,2252.31,4,5,5,455,Champions
13382.0,281,1,213.04000000000002,1,1,2,112,Churned
13384.0,31,7,1928.1200000000001,4,5,5,455,Champions
13385.0,330,1,373.79,1,1,3,113,Churned
13388.0,131,2,529.75,2,2,4,224,Churned
13389.0,11,3,600.58,5,3,4,534,Regular
13390.0,75,1,165.48,2,1,2,212,Churned
13394.0,2,8,1561.8,5,5,5,555,Champions
13395.0,185,1,180.3,1,1,2,112,Churned
13396.0,29,2,619.47,4,2,4,424,Regular
13397.0,73,4,371.64,2,4,3,243,Regular
13398.0,192,1,360.17,1,1,3,113,Churned
13402.0,127,2,430.21,2,2,3,223,Churned
13403.0,18,1,30.0,4,1,1,411,Regular
13404.0,1,2,188.74,5,2,2,522,Regular
13405.0,74,3,426.851,2,3,3,233,Regular
13408.0,8,37,2427.88,5,5,5,555,Champions
13410.0,24,4,248.34,4,4,2,442,Regular
13411.0,107,1,203.60000000000002,2,1,2,212,Churned
13414.0,134,2,172.5,2,2,2,222,Churned
13416.0,44,2,202.70000000000002,3,2,2,322,Regular
13417.0,5,2,467.78,5,2,3,523,Regular
13418.0,12,18,3045.83,5,5,5,555,Champions
13419.0,64,1,152.12,3,1,2,312,Regular
13420.0,150,2,66.6,2,2,1,221,Churned
13421.0,40,2,1222.39,3,2,5,325,Regular
13422.0,64,1,1945.66,3,1,5,315,Regular
13425.0,108,3,854.95,2,3,4,234,Regular
13426.0,1,10,1409.75,5,5,5,555,Champions
13427.0,19,3,209.68,4,3,2,432,Regular
13428.0,10,1,192.97,5,1,2,512,Regular
13429.0,11,4,509.05,5,4,3,543,Regular
13430.0,19,2,484.25,4,2,3,423,Regular
13431.0,67,2,585.84,3,2,4,324,Regular
13434.0,74,2,128.64000000000001,2,2,1,221,Churned
13435.0,5,7,545.46,5,5,4,554,Champions
13436.0,2,1,103.03999999999999,5,1,1,511,Regular
13437.0,14,7,2267.84,5,5,5,555,Champions
13439.0,255,1,273.27,1,1,2,112,Churned
13441.0,92,1,148.16,2,1,2,212,Churned
13447.0,23,3,846.4200000000001,4,3,4,434,Regular
13448.0,17,6,2319.41,4,5,5,455,Champions
13449.0,24,1,255.88,4,1,2,412,Regular
13450.0,27,6,470.4,4,5,3,453,Regular
13451.0,26,5,2527.34,4,4,5,445,Champions
13453.0,166,2,237.78,2,2,2,222,Churned
13455.0,25,2,663.64,4,2,4,424,Regular
13456.0,18,5,670.5400000000001,4,4,4,444,Champions
13458.0,7,14,5092.25,5,5,5,555,Champions
13460.0,29,2,99.44,4,2,1,421,Regular
13461.0,39,2,82.2,3,2,1,321,Regular
13462.0,253,1,151.5,1,1,2,112,Churned
13464.0,58,1,508.27,3,1,3,313,Regular
13466.0,184,1,187.20000000000002,1,1,2,112,Churned
13467.0,11,2,805.25,5,2,4,524,Regular
13468.0,2,37,3799.2200000000003,5,5,5,555,Champions
13470.0,99,2,165.0,2,2,2,222,Churned
13471.0,1,4,2038.38,5,4,5,545,Champions
13473.0,61,2,197.78,3,3,2,332,Regular
13474.0,236,1,195.94,1,1,2,112,Churned
13475.0,191,4,1051.88,1,4,4,144,Regular
13476.0,179,2,735.47,2,3,4,234,Regular
13477.0,38,6,1083.57,3,5,4,354,Regular
13479.0,201,2,166.35,1,3,2,132,Regular
13481.0,46,5,1571.1,3,4,5,345,Regular
13482.0,232,1,177.68,1,1,2,112,Churned
13483.0,66,1,80.1,3,1,1,311,Regular
13484.0,241,1,111.3,1,1,1,111,Churned
13485.0,233,1,287.34,1,1,3,113,Churned
13486.0,78,3,871.69,2,3,4,234,Regular
13487.0,58,3,524.0,3,3,3,333,Regular
13488.0,17,13,5718.97,4,5,5,455,Champions
13489.0,158,2,128.64,2,3,1,231,Regular
13491.0,52,10,1021.7,3,5,4,354,Regular
13492.0,136,3,914.94,2,3,4,234,Regular
13493.0,287,1,14.850000000000001,1,1,1,111,Churned
13494.0,312,1,275.70000000000005,1,1,2,112,Churned
13495.0,8,5,481.74,5,4,3,543,Regular
13496.0,11,2,492.83,5,3,3,533,Regular
13497.0,283,2,327.65000000000003,1,3,3,133,Regular
13499.0,29,4,420.77000000000004,4,4,3,443,Regular
13500.0,23,3,926.54,4,3,4,434,Regular
13501.0,288,1,606.52,1,1,4,114,Churned
13502.0,17,3,144.06,4,3,2,432,Regular
13503.0,71,1,119.45,3,1,1,311,Regular
13504.0,64,1,239.9,3,1,2,312,Regular
13505.0,73,4,2585.93,2,4,5,245,Regular
13506.0,316,2,315.25,1,3,3,133,Regular
13507.0,3,4,1879.53,5,4,5,545,Champions
13508.0,244,1,98.22,1,1,1,111,Churned
13509.0,9,5,341.26,5,4,3,543,Regular
13510.0,1,4,1456.0,5,4,5,545,Champions
13512.0,261,1,167.31,1,1,2,112,Churned
13513.0,127,1,132.6,2,1,1,211,Churned
13514.0,74,1,70.80000000000001,2,1,1,211,Churned
13515.0,73,4,727.56,2,4,4,244,Regular
13516.0,73,2,581.51,2,3,4,234,Regular
13517.0,60,3,1845.25,3,3,5,335,Regular
13518.0,86,1,557.64,2,1,4,214,Churned
13519.0,78,1,78.95,2,1,1,211,Churned
13520.0,59,6,1048.75,3,5,4,354,Regular
13521.0,1,3,1041.05,5,3,4,534,Regular
13522.0,30,1,125.80000000000001,4,1,1,411,Regular
13523.0,33,5,1796.58,4,4,5,445,Champions
13524.0,41,5,362.54,3,4,3,343,Regular
13527.0,34,7,1740.16,3,5,5,355,Regular
13529.0,79,2,206.06,2,3,2,232,Regular
13531.0,205,2,235.5,1,3,2,132,Regular
13532.0,34,1,169.81,3,1,2,312,Regular
13533.0,183,3,270.79,2,3,2,232,Regular
13534.0,2,25,4336.6,5,5,5,555,Champions
13536.0,1,7,1974.1100000000001,5,5,5,555,Champions
13538.0,121,3,208.65,2,3,2,232,Regular
13539.0,86,3,528.54,2,3,4,234,Regular
13544.0,40,2,270.16,3,3,2,332,Regular
13546.0,12,3,550.41,5,3,4,534,Regular
13548.0,96,2,510.56,2,3,3,233,Regular
13549.0,26,7,682.85,4,5,4,454,Champions
13551.0,319,1,53.550000000000004,1,1,1,111,Churned
13552.0,66,11,1391.77,3,5,5,355,Regular
13555.0,74,4,1335.08,2,4,5,245,Regular
13557.0,28,2,335.3,4,3,3,433,Regular
13558.0,6,4,551.03,5,4,4,544,Champions
13560.0,7,1,174.37,5,1,2,512,Regular
13561.0,216,1,39.01,1,1,1,111,Churned
13562.0,82,3,1421.6000000000001,2,3,5,235,Regular
13563.0,84,2,265.72,2,3,2,232,Regular
13564.0,354,2,712.34,1,3,4,134,Regular
13565.0,19,2,210.22,4,3,2,432,Regular
13566.0,41,2,817.16,3,3,4,334,Regular
13568.0,173,1,182.9,2,1,2,212,Churned
13569.0,17,2,327.05,4,3,3,433,Regular
13570.0,243,1,138.47,1,1,2,112,Churned
13571.0,13,12,1997.68,5,5,5,555,Champions
13572.0,206,1,326.23,1,1,3,113,Churned
13573.0,50,2,205.11,3,3,2,332,Regular
13575.0,23,5,683.51,4,4,4,444,Champions
13576.0,10,15,1097.7,5,5,4,554,Champions
13577.0,25,4,1285.6,4,4,5,445,Champions
13579.0,15,2,329.99,5,3,3,533,Regular
13581.0,309,1,96.7,1,1,1,111,Churned
13583.0,156,1,608.73,2,1,4,214,Churned
13584.0,307,1,75.75,1,1,1,111,Churned
13587.0,64,1,134.4,3,1,1,311,Regular
13588.0,16,9,1622.19,4,5,5,455,Champions
13589.0,15,2,226.05,5,3,2,532,Regular
13590.0,11,6,1029.9,5,5,4,554,Champions
13591.0,65,3,789.0,3,3,4,334,Regular
13592.0,36,3,139.59,3,3,2,332,Regular
13593.0,108,4,1597.3600000000001,2,4,5,245,Regular
13594.0,53,1,252.57,3,1,2,312,Regular
13596.0,6,2,613.39,5,3,4,534,Regular
13598.0,47,1,141.92000000000002,3,1,2,312,Regular
13599.0,1,20,2352.32,5,5,5,555,Champions
13600.0,312,1,104.17,1,1,1,111,Churned
13601.0,45,2,653.0,3,3,4,334,Regular
13602.0,65,1,398.65000000000003,3,1,3,313,Regular
13603.0,26,1,113.84,4,1,1,411,Regular
13606.0,29,2,152.22,4,3,2,432,Regular
13607.0,40,1,613.86,3,1,4,314,Regular
13610.0,12,7,1036.68,5,5,4,554,Champions
13611.0,89,3,888.6,2,3,4,234,Regular
13614.0,24,4,1166.01,4,4,5,445,Champions
13615.0,319,1,333.45,1,1,3,113,Churned
13617.0,40,3,384.04,3,3,3,333,Regular
13618.0,174,1,113.02,2,1,1,211,Churned
13621.0,117,1,184.89,2,1,2,212,Churned
13623.0,31,5,348.25,4,4,3,443,Regular
13626.0,253,1,236.35,1,1,2,112,Churned
13627.0,59,5,1020.51,3,4,4,344,Regular
13629.0,143,1,213.81,2,1,2,212,Churned
13630.0,5,7,695.34,5,5,4,554,Champions
13632.0,25,5,1850.56,4,4,5,445,Champions
13634.0,33,5,1296.26,4,4,5,445,Champions
13635.0,68,1,923.17,3,1,4,314,Regular
13636.0,37,5,654.47,3,4,4,344,Regular
13637.0,52,3,765.1,3,3,4,334,Regular
13638.0,16,1,77.28,4,1,1,411,Regular
13639.0,74,1,432.68,2,1,3,213,Churned
13642.0,216,1,276.5,1,1,2,112,Churned
13643.0,31,3,457.94,4,3,3,433,Regular
13644.0,16,4,1739.3300000000002,4,4,5,445,Champions
13645.0,120,1,30.599999999999998,2,1,1,211,Churned
13647.0,10,4,1102.4,5,4,4,544,Champions
13649.0,257,2,200.05,1,3,2,132,Regular
13650.0,17,6,1344.81,4,5,5,455,Champions
13651.0,40,1,79.2,3,1,1,311,Regular
13652.0,46,3,1046.8400000000001,3,3,4,334,Regular
13654.0,43,6,1992.63,3,5,5,355,Regular
13655.0,114,2,631.9,2,3,4,234,Regular
13656.0,165,2,305.87,2,3,3,233,Regular
13657.0,11,2,156.6,5,3,2,532,Regular
13658.0,10,5,1706.05,5,4,5,545,Champions
13659.0,206,2,1002.57,1,3,4,134,Regular
13662.0,86,3,625.76,2,3,4,234,Regular
13663.0,179,1,189.47,2,1,2,212,Churned
13666.0,60,2,47.25,3,3,1,331,Regular
13667.0,149,1,258.17,2,1,2,212,Churned
13668.0,3,21,4108.63,5,5,5,555,Champions
13669.0,150,1,35.400000000000006,2,1,1,211,Churned
13670.0,75,1,296.42,2,1,3,213,Churned
13672.0,301,2,91.83000000000001,1,3,1,131,Regular
13673.0,19,2,257.77,4,3,2,432,Regular
13675.0,151,2,369.22,2,3,3,233,Regular
13678.0,152,1,63.2,2,1,1,211,Churned
13680.0,1,4,1515.63,5,4,5,545,Champions
13681.0,18,4,735.97,4,4,4,444,Champions
13682.0,187,1,34.0,1,1,1,111,Churned
13684.0,286,1,67.23,1,1,1,111,Churned
13685.0,3,4,20.92,5,4,1,541,Regular
13686.0,183,1,72.0,2,1,1,211,Churned
13689.0,63,1,15.0,3,1,1,311,Regular
13690.0,59,1,84.30000000000001,3,1,1,311,Regular
13692.0,25,2,108.96,4,3,1,431,Regular
13694.0,4,10,374.9,5,5,3,553,Regular
13695.0,31,13,962.89,4,5,4,454,Champions
13697.0,39,1,114.39999999999999,3,1,1,311,Regular
13699.0,155,1,308.58000000000004,2,1,3,213,Churned
13700.0,26,10,1194.28,4,5,5,455,Champions
13704.0,5,8,1469.94,5,5,5,555,Champions
13705.0,8,3,372.18,5,3,3,533,Regular
13706.0,303,1,290.89,1,1,3,113,Churned
13707.0,267,2,606.2,1,3,4,134,Regular
13708.0,271,1,230.43,1,1,2,112,Churned
13709.0,4,12,4137.52,5,5,5,555,Champions
13710.0,32,1,69.6,4,1,1,411,Regular
13711.0,219,2,192.20000000000002,1,3,2,132,Regular
13712.0,247,1,88.2,1,1,1,111,Churned
13715.0,281,5,1065.9,1,4,4,144,Regular
13716.0,269,1,117.88,1,1,1,111,Churned
13717.0,32,6,829.6,4,5,4,454,Champions
13718.0,246,2,146.7,1,3,2,132,Regular
13719.0,15,5,861.23,5,4,4,544,Champions
13720.0,117,4,655.8,2,4,4,244,Regular
13721.0,36,1,336.78,3,1,3,313,Regular
13722.0,132,3,962.5600000000001,2,3,4,234,Regular
13723.0,217,1,102.9,1,1,1,111,Churned
13725.0,50,7,1240.06,3,5,5,355,Regular
13726.0,39,2,293.52,3,3,3,333,Regular
13727.0,29,2,275.7,4,3,2,432,Regular
13728.0,37,6,839.62,3,5,4,354,Regular
13730.0,136,2,432.78999999999996,2,3,3,233,Regular
13731.0,219,2,490.59000000000003,1,3,3,133,Regular
13732.0,28,1,308.5,4,1,3,413,Regular
13735.0,25,4,1782.73,4,4,5,445,Champions
13736.0,5,2,574.0,5,3,4,534,Regular
13737.0,200,1,177.85,1,1,2,112,Churned
13740.0,241,1,227.15,1,1,2,112,Churned
13741.0,72,3,391.53000000000003,3,3,3,333,Regular
13742.0,17,12,1958.03,4,5,5,455,Champions
13743.0,3,6,139.2,5,5,2,552,Regular
13744.0,95,2,586.98,2,3,4,234,Regular
13745.0,162,1,112.96000000000001,2,1,1,211,Churned
13748.0,96,4,267.32,2,4,2,242,Regular
13750.0,54,3,306.62,3,3,3,333,Regular
13751.0,288,1,73.05000000000001,1,1,1,111,Churned
13752.0,124,5,586.84,2,4,4,244,Regular
13753.0,288,1,438.26,1,1,3,113,Churned
13754.0,152,2,116.4,2,3,1,231,Regular
13755.0,4,8,1549.63,5,5,5,555,Champions
13756.0,2,12,1689.8000000000002,5,5,5,555,Champions
13758.0,12,7,1447.76,5,5,5,555,Champions
13759.0,71,1,317.49,3,1,3,313,Regular
13760.0,54,2,276.71,3,3,2,332,Regular
13761.0,50,2,978.49,3,3,4,334,Regular
13762.0,219,1,13.2,1,1,1,111,Churned
13764.0,71,3,1353.8600000000001,3,3,5,335,Regular
13767.0,2,33,4543.9400000000005,5,5,5,555,Champions
13769.0,2,10,2033.3500000000001,5,5,5,555,Champions
13771.0,64,4,1658.2,3,4,5,345,Regular
13772.0,34,3,891.18,3,3,4,334,Regular
13774.0,82,1,303.65,2,1,3,213,Churned
13777.0,25,13,892.43,4,5,4,454,Champions
13778.0,103,1,148.7,2,1,2,212,Churned
13780.0,7,2,236.81,5,3,2,532,Regular
13781.0,251,1,92.39,1,1,1,111,Churned
13782.0,13,6,766.56,5,5,4,554,Champions
13784.0,219,2,53.10000000000001,1,3,1,131,Regular
13786.0,367,1,28.799999999999997,1,1,1,111,Churned
13787.0,76,2,247.35000000000002,2,3,2,232,Regular
13790.0,4,1,225.32,5,1,2,512,Regular
13792.0,66,2,183.05,3,3,2,332,Regular
13798.0,18,8,130.51,4,5,1,451,Regular
13799.0,117,2,513.16,2,3,3,233,Regular
13800.0,310,1,399.32,1,1,3,113,Churned
13801.0,67,1,242.6,3,1,2,312,Regular
13802.0,255,2,176.38,1,3,2,132,Regular
13803.0,255,1,277.07,1,1,2,112,Churned
13804.0,31,7,1799.95,4,5,5,455,Champions
13806.0,64,1,152.73000000000002,3,1,2,312,Regular
13807.0,367,1,112.6,1,1,1,111,Churned
13808.0,6,5,1074.56,5,4,4,544,Champions
13809.0,305,1,84.15,1,1,1,111,Churned
13810.0,29,2,464.56,4,3,3,433,Regular
13812.0,42,3,440.88,3,3,3,333,Regular
13813.0,40,4,995.0600000000001,3,4,4,344,Regular
13814.0,92,2,515.82,2,3,3,233,Regular
13815.0,23,3,2254.56,4,3,5,435,Regular
13816.0,24,2,383.22,4,3,3,433,Regular
13817.0,29,2,313.38,4,3,3,433,Regular
13819.0,302,3,444.15000000000003,1,3,3,133,Regular
13821.0,145,2,321.89,2,3,3,233,Regular
13822.0,6,2,429.39,5,3,3,533,Regular
13823.0,19,2,494.3,4,3,3,433,Regular
13824.0,33,4,667.1,4,4,4,444,Champions
13826.0,176,1,75.9,2,1,1,211,Churned
13827.0,58,3,264.05,3,3,2,332,Regular
13828.0,22,1,168.45,4,1,2,412,Regular
13831.0,16,3,370.77,4,3,3,433,Regular
13832.0,19,1,52.199999999999996,4,1,1,411,Regular
13833.0,159,1,262.4,2,1,2,212,Churned
13835.0,25,4,768.33,4,4,4,444,Champions
13837.0,212,2,165.34,1,3,2,132,Regular
13838.0,6,4,575.58,5,4,4,544,Champions
13842.0,59,9,2540.81,3,5,5,355,Regular
13844.0,11,1,346.02,5,1,3,513,Regular
13845.0,65,1,82.86000000000001,3,1,1,311,Regular
13846.0,25,3,782.66,4,3,4,434,Regular
13849.0,52,2,1224.12,3,3,5,335,Regular
13850.0,129,1,1444.78,2,1,5,215,Churned
13851.0,96,3,788.4200000000001,2,3,4,234,Regular
13853.0,57,1,259.8,3,1,2,312,Regular
13854.0,24,16,574.83,4,5,4,454,Champions
13856.0,169,3,120.3,2,3,1,231,Regular
13858.0,57,1,199.17,3,1,2,312,Regular
13859.0,326,1,151.76000000000002,1,1,2,112,Churned
13860.0,1,5,1080.05,5,4,4,544,Champions
13862.0,18,8,1774.24,4,5,5,455,Champions
13863.0,248,1,199.12,1,1,2,112,Churned
13865.0,58,4,437.81,3,4,3,343,Regular
13866.0,74,1,145.67000000000002,2,1,2,212,Churned
13867.0,31,3,776.14,4,3,4,434,Regular
13868.0,39,1,267.33,3,1,2,312,Regular
13869.0,123,4,2623.11,2,4,5,245,Regular
13870.0,2,8,1325.4,5,5,5,555,Champions
13871.0,23,13,4508.67,4,5,5,455,Champions
13873.0,120,3,332.99,2,3,3,233,Regular
13874.0,358,1,211.45000000000002,1,1,2,112,Churned
13875.0,54,5,1229.42,3,4,5,345,Regular
13876.0,64,1,98.80000000000001,3,1,1,311,Regular
13877.0,86,1,17.4,2,1,1,211,Churned
13878.0,55,1,379.35,3,1,3,313,Regular
13880.0,21,13,2230.97,4,5,5,455,Champions
13881.0,72,4,728.0400000000001,3,4,4,344,Regular
13882.0,3,5,689.64,5,4,4,544,Champions
13883.0,11,5,1728.55,5,4,5,545,Champions
13884.0,7,4,678.7,5,4,4,544,Champions
13885.0,189,2,407.9,1,3,3,133,Regular
13886.0,71,1,218.56,3,1,2,312,Regular
13887.0,204,1,294.15000000000003,1,1,3,113,Churned
13888.0,120,2,504.48,2,3,3,233,Regular
13889.0,93,1,265.7,2,1,2,212,Churned
13890.0,1,10,1736.66,5,5,5,555,Champions
13892.0,64,2,199.05,3,3,2,332,Regular
13893.0,298,1,262.0,1,1,2,112,Churned
13894.0,24,2,340.55,4,3,3,433,Regular
13895.0,28,4,1662.02,4,4,5,445,Champions
13897.0,50,1,248.7,3,1,2,312,Regular
13898.0,326,1,125.25,1,1,1,111,Churned
13899.0,16,2,297.92,4,3,3,433,Regular
13900.0,193,2,505.83000000000004,1,3,3,133,Regular
13901.0,72,5,1971.5700000000002,3,4,5,345,Regular
13904.0,37,2,272.04,3,3,2,332,Regular
13908.0,80,4,1574.6299999999999,2,4,5,245,Regular
13911.0,144,8,1611.35,2,5,5,255,Regular
13914.0,12,2,478.65,5,3,3,533,Regular
13917.0,50,2,213.26000000000002,3,3,2,332,Regular
13918.0,50,2,310.1,3,3,3,333,Regular
13919.0,59,2,139.56,3,3,2,332,Regular
13922.0,352,1,31.200000000000003,1,1,1,111,Churned
13923.0,54,1,334.13,3,1,3,313,Regular
13924.0,2,6,1361.71,5,5,5,555,Champions
13925.0,93,4,403.3,2,4,3,243,Regular
13926.0,23,1,135.10000000000002,4,1,1,411,Regular
13927.0,75,1,281.29,2,1,2,212,Churned
13928.0,11,4,352.37,5,4,3,543,Regular
13929.0,169,2,103.65,2,3,1,231,Regular
13930.0,58,2,154.94,3,3,2,332,Regular
13931.0,96,2,809.97,2,3,4,234,Regular
13932.0,295,1,211.7,1,1,2,112,Churned
13933.0,109,2,401.19,2,3,3,233,Regular
13934.0,264,1,367.45,1,1,3,113,Churned
13936.0,180,1,342.38,2,1,3,213,Churned
13937.0,169,1,128.25,2,1,1,211,Churned
13938.0,35,1,71.66,3,1,1,311,Regular
13939.0,23,3,336.32,4,3,3,433,Regular
13940.0,17,4,654.62,4,4,4,444,Champions
13941.0,22,5,219.0,4,4,2,442,Regular
13946.0,202,2,47.25,1,3,1,131,Regular
13947.0,65,1,90.6,3,1,1,311,Regular
13948.0,361,1,55.2,1,1,1,111,Churned
13949.0,3,6,1613.53,5,5,5,555,Champions
13950.0,11,4,424.03999999999996,5,4,3,543,Regular
13951.0,176,3,479.91,2,3,3,233,Regular
13952.0,218,2,1770.921,1,3,5,135,Regular
13953.0,7,2,162.56,5,3,2,532,Regular
13954.0,2,2,340.22,5,3,3,533,Regular
13955.0,154,2,239.31,2,3,2,232,Regular
13956.0,5,5,732.0600000000001,5,4,4,544,Champions
13959.0,79,3,499.0,2,3,3,233,Regular
13960.0,21,2,145.5,4,3,2,432,Regular
13962.0,22,2,56.42,4,3,1,431,Regular
13963.0,308,4,416.7,1,4,3,143,Regular
13967.0,146,1,35.7,2,1,1,211,Churned
13969.0,7,18,5987.27,5,5,5,555,Champions
13971.0,19,8,2150.66,4,5,5,455,Champions
13972.0,202,1,145.9,1,1,2,112,Churned
13973.0,287,1,137.25,1,1,2,112,Churned
13974.0,49,1,413.59000000000003,3,1,3,313,Regular
13975.0,31,6,2069.82,4,5,5,455,Champions
13976.0,207,1,61.1,1,1,1,111,Churned
13978.0,15,2,80.45,5,3,1,531,Regular
13979.0,73,1,774.59,2,1,4,214,Churned
13980.0,60,1,53.5,3,1,1,311,Regular
13982.0,39,4,1257.95,3,4,5,345,Regular
13983.0,40,8,870.1600000000001,3,5,4,354,Regular
13984.0,27,4,156.23000000000002,4,4,2,442,Regular
13985.0,4,15,6308.84,5,5,5,555,Champions
13986.0,17,1,111.06,4,1,1,411,Regular
13988.0,20,6,2605.67,4,5,5,455,Champions
13989.0,66,2,347.90999999999997,3,3,3,333,Regular
13990.0,213,1,282.5,1,1,2,112,Churned
13991.0,12,6,585.49,5,5,4,554,Champions
13992.0,30,1,76.8,4,1,1,411,Regular
13993.0,43,8,1845.8600000000001,3,5,5,355,Regular
13994.0,4,6,1924.99,5,5,5,555,Champions
13995.0,15,5,1290.93,5,4,5,545,Champions
13999.0,10,12,2795.71,5,5,5,555,Champions
14000.0,211,1,95.4,1,1,1,111,Churned
14001.0,46,3,387.2,3,3,3,333,Regular
14002.0,134,2,301.52,2,3,3,233,Regular
14004.0,43,7,1927.28,3,5,5,355,Regular
14005.0,10,4,466.46,5,4,3,543,Regular
14006.0,116,3,490.4,2,3,3,233,Regular
14009.0,198,2,622.21,1,3,4,134,Regular
14012.0,278,1,154.8,1,1,2,112,Churned
14013.0,110,3,377.02,2,3,3,233,Regular
14014.0,77,1,109.18,2,1,1,211,Churned
14015.0,53,1,151.5,3,1,2,312,Regular
14016.0,162,4,1956.3600000000001,2,4,5,245,Regular
14019.0,47,3,831.17,3,3,4,334,Regular
14020.0,17,2,465.68,4,3,3,433,Regular
14021.0,155,2,305.8,2,3,3,233,Regular
14022.0,225,1,301.1,1,1,3,113,Churned
14023.0,7,2,405.98,5,3,3,533,Regular
14024.0,122,2,264.55,2,3,2,232,Regular
14027.0,61,1,104.82,3,1,1,311,Regular
14029.0,63,2,131.70000000000002,3,3,1,331,Regular
14030.0,18,8,1378.23,4,5,5,455,Champions
14031.0,7,15,1656.97,5,5,5,555,Champions
14032.0,16,10,1565.81,4,5,5,455,Champions
14034.0,22,3,309.42,4,3,3,433,Regular
14035.0,29,4,660.19,4,4,4,444,Champions
14036.0,285,1,568.37,1,1,4,114,Churned
14037.0,176,2,147.20000000000002,2,3,2,232,Regular
14038.0,78,3,1446.68,2,3,5,235,Regular
14039.0,33,1,82.6,4,1,1,411,Regular
14040.0,41,12,2186.29,3,5,5,355,Regular
14041.0,266,1,101.51,1,1,1,111,Churned
14044.0,27,4,546.77,4,4,4,444,Champions
14046.0,284,1,13.0,1,1,1,111,Churned
14047.0,9,5,370.2,5,4,3,543,Regular
14048.0,305,1,399.85,1,1,3,113,Churned
14049.0,17,4,3842.36,4,4,5,445,Champions
14050.0,32,2,621.62,4,3,4,434,Regular
14051.0,1,18,1595.7500000000002,5,5,5,555,Champions
14052.0,20,1,198.41,4,1,2,412,Regular
14053.0,160,1,41.75,2,1,1,211,Churned
14054.0,65,1,92.46,3,1,1,311,Regular
14055.0,106,1,104.14,2,1,1,211,Churned
14056.0,1,23,6662.99,5,5,5,555,Champions
14057.0,24,14,2322.39,4,5,5,455,Champions
14059.0,267,1,132.6,1,1,1,111,Churned
14060.0,5,15,1202.98,5,5,5,555,Champions
14062.0,239,5,339.57,1,4,3,143,Regular
14064.0,29,5,479.9,4,4,3,443,Regular
14066.0,267,1,114.3,1,1,1,111,Churned
14067.0,64,2,252.09,3,3,2,332,Regular
14068.0,320,1,208.35000000000002,1,1,2,112,Churned
14071.0,4,8,1047.88,5,5,4,554,Champions
14073.0,32,1,137.12,4,1,2,412,Regular
14075.0,5,3,452.12,5,3,3,533,Regular
14076.0,129,1,105.52,2,1,1,211,Churned
14077.0,78,4,317.75,2,4,3,243,Regular
14078.0,102,6,361.92,2,5,3,253,Regular
14079.0,125,1,34.15,2,1,1,211,Churned
14080.0,33,1,45.599999999999994,4,1,1,411,Regular
14081.0,302,2,725.02,1,3,4,134,Regular
14082.0,365,1,158.85,1,1,2,112,Churned
14083.0,4,8,887.8,5,5,4,554,Champions
14085.0,2,18,3412.81,5,5,5,555,Champions
14087.0,3,1,181.37,5,1,2,512,Regular
14088.0,10,10,2504.44,5,5,5,555,Champions
14089.0,57,1,99.8,3,1,1,311,Regular
14092.0,8,14,3176.92,5,5,5,555,Champions
14093.0,12,1,390.89,5,1,3,513,Regular
14096.0,4,17,33540.5,5,5,5,555,Champions
14098.0,37,1,61.19,3,1,1,311,Regular
14099.0,16,11,2278.36,4,5,5,455,Champions
14100.0,138,1,194.9,2,1,2,212,Churned
14101.0,295,1,2.95,1,1,1,111,Churned
14102.0,5,5,678.38,5,4,4,544,Champions
14104.0,166,1,72.32,2,1,1,211,Churned
14105.0,239,1,761.6899999999999,1,1,4,114,Churned
14107.0,52,7,1343.63,3,5,5,355,Regular
14108.0,31,2,403.71999999999997,4,3,3,433,Regular
14109.0,73,1,144.2,2,1,2,212,Churned
14110.0,37,10,2076.75,3,5,5,355,Regular
14111.0,96,2,63.3,2,3,1,231,Regular
14112.0,23,7,2335.06,4,5,5,455,Champions
14113.0,4,4,345.96,5,4,3,543,Regular
14114.0,331,1,195.13,1,1,2,112,Churned
14116.0,20,5,1010.64,4,4,4,444,Champions
14121.0,4,4,1965.5,5,4,5,545,Champions
14125.0,11,3,2219.9900000000002,5,3,5,535,Regular
14126.0,11,1,183.4,5,1,2,512,Regular
14127.0,123,3,694.11,2,3,4,234,Regular
14128.0,61,2,532.9,3,3,4,334,Regular
14129.0,2,5,912.9,5,4,4,544,Champions
14130.0,319,1,411.11,1,1,3,113,Churned
14132.0,2,11,2237.23,5,5,5,555,Champions
14133.0,130,2,369.45,2,3,3,233,Regular
14135.0,2,14,1213.54,5,5,5,555,Champions
14138.0,2,2,662.22,5,3,4,534,Regular
14139.0,46,1,230.04,3,1,2,312,Regular
14140.0,4,2,819.8199999999999,5,3,4,534,Regular
14141.0,3,4,628.48,5,4,4,544,Champions
14142.0,373,1,246.87,1,1,2,112,Churned
14143.0,134,1,64.8,2,1,1,211,Churned
14146.0,9,5,2543.35,5,4,5,545,Champions
14147.0,78,1,15.0,2,1,1,211,Churned
14148.0,234,1,29.700000000000003,1,1,1,111,Churned
14149.0,221,1,383.2,1,1,3,113,Churned
14150.0,36,2,195.94,3,3,2,332,Regular
14152.0,75,2,450.65000000000003,2,3,3,233,Regular
14154.0,239,2,604.44,1,3,4,134,Regular
14155.0,266,1,118.75,1,1,1,111,Churned
14156.0,10,30,10461.02,5,5,5,555,Champions
14157.0,20,2,402.64,4,3,3,433,Regular
14158.0,40,1,247.92,3,1,2,312,Regular
14159.0,20,11,4443.65,4,5,5,455,Champions
14161.0,216,3,952.57,1,3,4,134,Regular
14162.0,174,2,206.06,2,3,2,232,Regular
14163.0,87,4,410.11,2,4,3,243,Regular
14164.0,81,1,253.2,2,1,2,212,Churned
14165.0,276,1,84.29,1,1,1,111,Churned
14167.0,39,4,525.09,3,4,3,343,Regular
14171.0,98,1,308.44,2,1,3,213,Churned
14173.0,11,4,222.34,5,4,2,542,Regular
14174.0,33,1,124.51,4,1,1,411,Regular
14175.0,60,3,2173.78,3,3,5,335,Regular
14176.0,297,4,517.2,1,4,3,143,Regular
14177.0,96,3,175.42,2,3,2,232,Regular
14178.0,9,7,1419.07,5,5,5,555,Champions
14179.0,41,2,631.08,3,3,4,334,Regular
14180.0,11,24,2058.02,5,5,5,555,Champions
14184.0,67,1,295.09,3,1,3,313,Regular
14185.0,331,1,12.75,1,1,1,111,Churned
14188.0,31,6,590.1,4,5,4,454,Champions
14189.0,2,15,2719.33,5,5,5,555,Champions
14191.0,2,13,3163.66,5,5,5,555,Champions
14193.0,68,2,669.35,3,3,4,334,Regular
14194.0,5,20,7932.650000000001,5,5,5,555,Champions
14196.0,107,1,43.72,2,1,1,211,Churned
14198.0,18,4,515.4,4,4,3,443,Regular
14199.0,218,1,10.2,1,1,1,111,Churned
14201.0,60,7,472.78000000000003,3,5,3,353,Regular
14204.0,2,1,138.58,5,1,2,512,Regular
14205.0,17,2,440.3,4,3,3,433,Regular
14206.0,239,1,202.1,1,1,2,112,Churned
14208.0,95,1,82.64,2,1,1,211,Churned
14209.0,11,6,1177.8500000000001,5,5,5,555,Champions
14210.0,106,6,1645.94,2,5,5,255,Regular
14211.0,53,9,1662.21,3,5,5,355,Regular
14214.0,31,5,807.76,4,4,4,444,Champions
14215.0,12,6,1458.53,5,5,5,555,Champions
14216.0,3,4,615.96,5,4,4,544,Champions
14217.0,2,17,1218.25,5,5,5,555,Champions
14218.0,43,1,146.20000000000002,3,1,2,312,Regular
14219.0,4,1,69.54,5,1,1,511,Regular
14220.0,247,2,224.45000000000002,1,3,2,132,Regular
14221.0,42,8,1946.69,3,5,5,355,Regular
14222.0,177,1,521.3,2,1,3,213,Churned
14223.0,92,3,743.16,2,3,4,234,Regular
14224.0,110,4,579.58,2,4,4,244,Regular
14226.0,30,4,681.9300000000001,4,4,4,444,Champions
14227.0,26,8,2587.14,4,5,5,455,Champions
14229.0,52,3,361.42,3,3,3,333,Regular
14231.0,184,3,793.26,1,3,4,134,Regular
14232.0,43,5,1362.82,3,4,5,345,Regular
14233.0,49,4,323.5,3,4,3,343,Regular
14234.0,22,4,575.08,4,4,4,444,Champions
14235.0,75,5,543.3,2,4,4,244,Regular
14236.0,81,2,86.94,2,3,1,231,Regular
14237.0,373,1,77.45,1,1,1,111,Churned
14238.0,326,1,66.2,1,1,1,111,Churned
14239.0,43,11,1838.5400000000002,3,5,5,355,Regular
14240.0,30,2,573.09,4,3,4,434,Regular
14241.0,184,1,107.7,1,1,1,111,Churned
14242.0,235,2,235.15,1,3,2,132,Regular
14243.0,9,10,1910.23,5,5,5,555,Champions
14245.0,220,2,1390.52,1,3,5,135,Regular
14246.0,111,3,1038.9,2,3,4,234,Regular
14247.0,278,1,104.12,1,1,1,111,Churned
14248.0,318,1,88.5,1,1,1,111,Churned
14250.0,7,3,1650.39,5,3,5,535,Regular
14251.0,2,5,823.5,5,4,4,544,Champions
14256.0,260,2,630.66,1,3,4,134,Regular
14257.0,64,5,1404.3,3,4,5,345,Regular
14258.0,152,2,82.5,2,3,1,231,Regular
14259.0,142,1,80.4,2,1,1,211,Churned
14261.0,51,2,581.99,3,3,4,334,Regular
14262.0,8,8,1995.8899999999999,5,5,5,555,Champions
14264.0,155,2,273.87,2,3,2,232,Regular
14265.0,109,2,293.83,2,3,3,233,Regular
14267.0,163,3,639.3000000000001,2,3,4,234,Regular
14270.0,332,1,347.05,1,1,3,113,Churned
14271.0,226,1,92.42,1,1,1,111,Churned
14272.0,74,2,265.76,2,3,2,232,Regular
14273.0,51,4,518.37,3,4,3,343,Regular
14276.0,99,3,892.89,2,3,4,234,Regular
14277.0,15,3,2581.46,5,3,5,535,Regular
14280.0,197,1,108.53999999999999,1,1,1,111,Churned
14282.0,3,14,1863.94,5,5,5,555,Champions
14284.0,31,2,537.1,4,3,4,434,Regular
14285.0,21,4,225.98000000000002,4,4,2,442,Regular
14286.0,24,3,2746.71,4,3,5,435,Regular
14287.0,8,1,93.35,5,1,1,511,Regular
14288.0,213,1,261.0,1,1,2,112,Churned
14289.0,9,6,617.5600000000001,5,5,4,554,Champions
14290.0,11,5,1533.56,5,4,5,545,Champions
14291.0,2,11,2915.64,5,5,5,555,Champions
14292.0,8,9,1075.73,5,5,4,554,Champions
14293.0,3,4,835.5400000000001,5,4,4,544,Champions
14295.0,40,1,65.4,3,1,1,311,Regular
14297.0,18,4,817.85,4,4,4,444,Champions
14298.0,8,38,9855.7,5,5,5,555,Champions
14299.0,8,8,1828.57,5,5,5,555,Champions
14300.0,19,1,43.2,4,1,1,411,Regular
14301.0,117,1,32.4,2,1,1,211,Churned
14304.0,223,1,259.8,1,1,2,112,Churned
14305.0,71,3,1478.72,3,3,5,335,Regular
14306.0,51,2,123.74,3,3,1,331,Regular
14307.0,89,6,2358.01,2,5,5,255,Regular
14309.0,8,9,1447.73,5,5,5,555,Champions
14311.0,243,1,198.97,1,1,2,112,Churned
14312.0,47,6,1126.64,3,5,5,355,Regular
14314.0,107,1,23.4,2,1,1,211,Churned
14315.0,45,6,1662.93,3,5,5,355,Regular
14317.0,65,1,369.52,3,1,3,313,Regular
14320.0,207,2,457.89,1,3,3,133,Regular
14321.0,11,5,852.53,5,4,4,544,Champions
14323.0,115,2,470.56,2,3,3,233,Regular
14326.0,242,1,123.85000000000001,1,1,1,111,Churned
14327.0,163,1,148.15,2,1,2,212,Churned
14329.0,17,7,3740.9700000000003,4,5,5,455,Champions
14331.0,124,2,361.5,2,3,3,233,Regular
14332.0,23,3,177.75,4,3,2,432,Regular
14333.0,68,1,138.20000000000002,3,1,2,312,Regular
14334.0,17,8,1926.1499999999999,4,5,5,455,Champions
14335.0,16,2,359.6,4,3,3,433,Regular
14336.0,17,4,954.23,4,4,4,444,Champions
14338.0,161,2,384.25,2,3,3,233,Regular
14339.0,243,1,218.32,1,1,2,112,Churned
14340.0,219,1,134.7,1,1,1,111,Churned
14341.0,45,8,1838.19,3,5,5,355,Regular
14342.0,21,4,196.38,4,4,2,442,Regular
14344.0,127,8,468.83000000000004,2,5,3,253,Regular
14345.0,39,1,69.38,3,1,1,311,Regular
14346.0,121,2,711.9200000000001,2,3,4,234,Regular
14348.0,260,1,231.57,1,1,2,112,Churned
14349.0,10,1,125.0,5,1,1,511,Regular
14350.0,274,1,269.01,1,1,2,112,Churned
14352.0,157,4,607.86,2,4,4,244,Regular
14353.0,215,1,90.6,1,1,1,111,Churned
14354.0,6,2,97.14,5,3,1,531,Regular
14355.0,366,1,174.4,1,1,2,112,Churned
14356.0,80,2,468.03000000000003,2,3,3,233,Regular
14357.0,43,1,196.86,3,1,2,312,Regular
14359.0,19,3,799.08,4,3,4,434,Regular
14360.0,32,4,1597.89,4,4,5,445,Champions
14362.0,22,1,148.45,4,1,2,412,Regular
14364.0,109,8,806.98,2,5,4,254,Regular
14367.0,8,16,6682.84,5,5,5,555,Champions
14368.0,320,1,105.2,1,1,1,111,Churned
14371.0,295,1,60.9,1,1,1,111,Churned
14373.0,358,1,26.1,1,1,1,111,Churned
14375.0,185,1,257.68,1,1,2,112,Churned
14377.0,191,2,85.05000000000001,1,3,1,131,Regular
14379.0,44,2,297.94,3,3,3,333,Regular
14381.0,52,1,202.68,3,1,2,312,Regular
14382.0,26,1,427.65999999999997,4,1,3,413,Regular
14383.0,38,3,692.32,3,3,4,334,Regular
14385.0,9,3,192.75,5,3,2,532,Regular
14386.0,297,1,125.4,1,1,1,111,Churned
14387.0,33,3,1490.83,4,3,5,435,Regular
14388.0,10,8,2618.68,5,5,5,555,Champions
14389.0,65,2,643.04,3,3,4,334,Regular
14390.0,10,9,2815.98,5,5,5,555,Champions
14393.0,218,1,67.95,1,1,1,111,Churned
14395.0,2,9,3107.96,5,5,5,555,Champions
14396.0,65,2,466.99,3,3,3,333,Regular
14397.0,3,16,765.92,5,5,4,554,Champions
14400.0,149,1,300.8,2,1,3,213,Churned
14401.0,4,13,1094.48,5,5,4,554,Champions
14403.0,217,2,64.35,1,3,1,131,Regular
14404.0,34,6,943.13,3,5,4,354,Regular
14406.0,119,1,106.25,2,1,1,211,Churned
14407.0,134,4,610.33,2,4,4,244,Regular
14408.0,11,7,738.6700000000001,5,5,4,554,Champions
14409.0,71,4,647.9200000000001,3,4,4,344,Regular
14410.0,92,9,943.79,2,5,4,254,Regular
14412.0,43,2,476.64,3,3,3,333,Regular
14413.0,362,1,112.75,1,1,1,111,Churned
14414.0,92,7,492.94,2,5,3,253,Regular
14415.0,1,13,5254.36,5,5,5,555,Champions
14416.0,22,2,148.94,4,3,2,432,Regular
14418.0,4,3,1075.12,5,3,4,534,Regular
14419.0,11,6,998.19,5,5,4,554,Champions
14420.0,99,1,357.28,2,1,3,213,Churned
14421.0,57,2,185.04000000000002,3,3,2,332,Regular
14422.0,1,6,2878.83,5,5,5,555,Champions
14426.0,24,9,2543.95,4,5,5,455,Champions
14427.0,64,1,205.58,3,1,2,312,Regular
14428.0,7,5,795.91,5,4,4,544,Champions
14431.0,303,1,303.66,1,1,3,113,Churned
14432.0,10,6,1877.27,5,5,5,555,Champions
14436.0,99,1,60.480000000000004,2,1,1,211,Churned
14437.0,366,1,63.0,1,1,1,111,Churned
14438.0,306,1,131.9,1,1,1,111,Churned
14439.0,320,1,64.3,1,1,1,111,Churned
14440.0,8,4,765.26,5,4,4,544,Champions
14441.0,1,4,611.34,5,4,4,544,Champions
14442.0,205,2,591.79,1,3,4,134,Regular
14443.0,54,4,1277.33,3,4,5,345,Regular
14446.0,1,4,943.51,5,4,4,544,Champions
14447.0,19,5,1098.43,4,4,4,444,Champions
14448.0,9,2,127.80000000000001,5,3,1,531,Regular
14449.0,19,4,846.97,4,4,4,444,Champions
14450.0,181,3,462.67,2,3,3,233,Regular
14451.0,60,2,625.43,3,3,4,334,Regular
14452.0,11,2,237.54000000000002,5,3,2,532,Regular
14453.0,190,1,109.98,1,1,1,111,Churned
14456.0,5,9,2536.68,5,5,5,555,Champions
14457.0,311,1,38.64,1,1,1,111,Churned
14459.0,155,1,197.2,2,1,2,212,Churned
14461.0,148,3,1439.45,2,3,5,235,Regular
14462.0,66,11,1600.57,3,5,5,355,Regular
14465.0,247,2,393.82,1,3,3,133,Regular
14466.0,29,7,578.5500000000001,4,5,4,454,Champions
14467.0,18,4,540.46,4,4,4,444,Champions
14470.0,12,2,312.24,5,3,3,533,Regular
14472.0,104,8,1527.25,2,5,5,255,Regular
14473.0,74,1,111.18,2,1,1,211,Churned
14474.0,46,1,387.86,3,1,3,313,Regular
14475.0,72,3,625.45,3,3,4,334,Regular
14476.0,257,1,155.35,1,1,2,112,Churned
14479.0,254,2,316.25,1,3,3,133,Regular
14480.0,11,1,199.13,5,1,2,512,Regular
14481.0,165,2,329.15,2,3,3,233,Regular
14482.0,18,6,910.6700000000001,4,5,4,454,Champions
14483.0,282,1,96.6,1,1,1,111,Churned
14484.0,50,1,251.36,3,1,2,312,Regular
14485.0,39,1,147.3,3,1,2,312,Regular
14487.0,27,6,1010.18,4,5,4,454,Champions
14488.0,68,1,536.32,3,1,4,314,Regular
14489.0,207,1,433.5,1,1,3,113,Churned
14491.0,175,2,164.1,2,3,2,232,Regular
14493.0,7,5,1817.85,5,4,5,545,Champions
14494.0,26,1,109.56,4,1,1,411,Regular
14495.0,51,2,123.8,3,3,1,331,Regular
14496.0,312,2,221.72,1,3,2,132,Regular
14497.0,309,1,326.1,1,1,3,113,Churned
14498.0,43,5,1213.97,3,4,5,345,Regular
14499.0,26,3,815.32,4,3,4,434,Regular
14500.0,88,2,50.7,2,3,1,231,Regular
14501.0,184,2,146.33,1,3,2,132,Regular
14502.0,20,9,1982.81,4,5,5,455,Champions
14503.0,3,6,2019.92,5,5,5,555,Champions
14504.0,47,4,509.11,3,4,3,343,Regular
14505.0,17,8,4918.53,4,5,5,455,Champions
14506.0,17,5,1842.47,4,4,5,445,Champions
14507.0,40,5,854.83,3,4,4,344,Regular
14508.0,22,2,218.32,4,3,2,432,Regular
14511.0,11,5,1068.83,5,4,4,544,Champions
14512.0,188,2,166.26999999999998,1,3,2,132,Regular
14513.0,289,1,18.75,1,1,1,111,Churned
14514.0,61,3,665.34,3,3,4,334,Regular
14515.0,18,6,1051.32,4,5,4,454,Champions
14517.0,33,2,287.95,4,3,3,433,Regular
14518.0,64,1,112.44,3,1,1,311,Regular
14520.0,2,1,43.2,5,1,1,511,Regular
14522.0,92,2,19.46,2,3,1,231,Regular
14523.0,108,1,150.41,2,1,2,212,Churned
14524.0,32,9,1306.48,4,5,5,455,Champions
14525.0,20,9,1698.2,4,5,5,455,Champions
14527.0,3,54,5341.26,5,5,5,555,Champions
14528.0,37,1,143.88,3,1,2,312,Regular
14529.0,60,3,592.34,3,3,4,334,Regular
14530.0,26,6,1928.91,4,5,5,455,Champions
14532.0,236,4,751.95,1,4,4,144,Regular
14533.0,25,6,457.86,4,5,3,453,Regular
14534.0,3,18,3079.5,5,5,5,555,Champions
14535.0,60,3,2427.93,3,3,5,335,Regular
14536.0,260,1,76.85000000000001,1,1,1,111,Churned
14537.0,58,1,88.92,3,1,1,311,Regular
14538.0,65,2,281.25,3,3,2,332,Regular
14539.0,16,2,355.84000000000003,4,3,3,433,Regular
14540.0,10,3,803.01,5,3,4,534,Regular
14541.0,59,8,820.86,3,5,4,354,Regular
14542.0,186,1,103.25,1,1,1,111,Churned
14543.0,29,16,669.69,4,5,4,454,Champions
14544.0,24,2,918.4300000000001,4,3,4,434,Regular
14546.0,5,5,2384.89,5,4,5,545,Champions
14547.0,4,8,3015.9500000000003,5,5,5,555,Champions
14549.0,311,1,224.98000000000002,1,1,2,112,Churned
14550.0,11,2,390.64,5,3,3,533,Regular
14551.0,18,2,88.23,4,3,1,431,Regular
14552.0,152,1,165.07,2,1,2,212,Churned
14553.0,19,5,477.62,4,4,3,443,Regular
14554.0,10,4,1618.1100000000001,5,4,5,545,Champions
14555.0,57,2,263.3,3,3,2,332,Regular
14557.0,85,1,13.0,2,1,1,211,Churned
14560.0,29,12,461.52,4,5,3,453,Regular
14561.0,76,3,799.15,2,3,4,234,Regular
14562.0,4,17,3429.65,5,5,5,555,Champions
14565.0,96,4,2044.93,2,4,5,245,Regular
14567.0,57,2,383.40000000000003,3,3,3,333,Regular
14569.0,1,1,25.85,5,1,1,511,Regular
14570.0,281,2,120.81,1,3,1,131,Regular
14572.0,3,6,1999.8,5,5,5,555,Champions
14573.0,180,9,903.6,2,5,4,254,Regular
14576.0,372,1,35.400000000000006,1,1,1,111,Churned
14577.0,13,4,859.71,5,4,4,544,Champions
14578.0,3,1,106.95,5,1,1,511,Regular
14581.0,17,1,88.32000000000001,4,1,1,411,Regular
14582.0,41,1,66.71000000000001,3,1,1,311,Regular
14583.0,6,5,943.26,5,4,4,544,Champions
14584.0,169,4,866.76,2,4,4,244,Regular
14585.0,50,1,148.55,3,1,2,312,Regular
14586.0,277,1,46.92,1,1,1,111,Churned
14587.0,19,9,1408.03,4,5,5,455,Champions
14589.0,372,1,39.75,1,1,1,111,Churned
14591.0,15,4,1010.6800000000001,5,4,4,544,Champions
14592.0,35,3,526.56,3,3,4,334,Regular
14593.0,22,3,451.79,4,3,3,433,Regular
14594.0,7,2,362.83,5,3,3,533,Regular
14595.0,20,6,1355.47,4,5,5,455,Champions
14597.0,11,1,187.25,5,1,2,512,Regular
14598.0,44,1,204.51,3,1,2,312,Regular
14600.0,306,1,329.7,1,1,3,113,Churned
14601.0,11,1,87.0,5,1,1,511,Regular
14606.0,1,90,8799.04,5,5,5,555,Champions
14607.0,19,1,45.300000000000004,4,1,1,411,Regular
14608.0,4,3,89.4,5,3,1,531,Regular
14618.0,9,3,163.8,5,3,2,532,Regular
14619.0,246,1,299.14,1,1,3,113,Churned
14620.0,206,2,290.34000000000003,1,3,3,133,Regular
14621.0,1,5,1310.0,5,4,5,545,Champions
14622.0,185,1,310.5,1,1,3,113,Churned
14623.0,32,5,707.35,4,4,4,444,Champions
14624.0,59,1,184.15,3,1,2,312,Regular
14625.0,196,2,738.6800000000001,1,3,4,134,Regular
14626.0,24,4,1452.8,4,4,5,445,Champions
14628.0,91,2,315.63,2,3,3,233,Regular
14629.0,4,2,704.41,5,3,4,534,Regular
14631.0,51,3,491.8,3,3,3,333,Regular
14632.0,263,1,95.84,1,1,1,111,Churned
14633.0,266,1,251.20000000000002,1,1,2,112,Churned
14636.0,36,2,527.2900000000001,3,3,4,334,Regular
14638.0,51,1,136.8,3,1,2,312,Regular
14639.0,52,6,2194.57,3,5,5,355,Regular
14640.0,24,6,1455.01,4,5,5,455,Champions
14641.0,22,1,70.86,4,1,1,411,Regular
14642.0,59,1,19.8,3,1,1,311,Regular
14643.0,170,2,106.6,2,3,1,231,Regular
14644.0,68,2,337.82000000000005,3,3,3,333,Regular
14645.0,157,2,409.1,2,3,3,233,Regular
14646.0,37,19,1973.0,3,5,5,355,Regular
14647.0,201,1,144.22,1,1,2,112,Churned
14649.0,5,4,799.71,5,4,4,544,Champions
14651.0,67,2,585.3,3,3,4,334,Regular
14652.0,77,1,94.28,2,1,1,211,Churned
14653.0,1,7,1358.59,5,5,5,555,Champions
14655.0,8,4,507.33000000000004,5,4,3,543,Regular
14656.0,169,2,240.95000000000002,2,3,2,232,Regular
14657.0,18,4,695.97,4,4,4,444,Champions
14658.0,5,2,135.05,5,3,1,531,Regular
14659.0,9,9,2398.33,5,5,5,555,Champions
14660.0,87,2,118.36,2,3,1,231,Regular
14661.0,27,1,11.049999999999999,4,1,1,411,Regular
14662.0,29,4,577.64,4,4,4,444,Champions
14664.0,20,2,528.16,4,3,4,434,Regular
14665.0,61,4,1189.76,3,4,5,345,Regular
14666.0,24,1,124.94999999999999,4,1,1,411,Regular
14667.0,11,25,4977.77,5,5,5,555,Champions
14669.0,242,3,1063.48,1,3,4,134,Regular
14670.0,280,2,411.53,1,3,3,133,Regular
14672.0,235,2,523.37,1,3,3,133,Regular
14673.0,3,5,1037.28,5,4,4,544,Champions
14675.0,16,1,477.65,4,1,3,413,Regular
14676.0,283,1,50.400000000000006,1,1,1,111,Churned
14680.0,72,14,1251.35,3,5,5,355,Regular
14681.0,212,1,31.5,1,1,1,111,Churned
14684.0,26,5,1095.97,4,4,4,444,Champions
14687.0,107,1,177.42000000000002,2,1,2,212,Churned
14688.0,8,20,2584.27,5,5,5,555,Champions
14689.0,209,1,82.8,1,1,1,111,Churned
14690.0,44,2,371.7,3,3,3,333,Regular
14691.0,31,4,886.96,4,4,4,444,Champions
14692.0,137,4,571.15,2,4,4,244,Regular
14693.0,265,1,45.4,1,1,1,111,Churned
14696.0,4,7,1434.66,5,5,5,555,Champions
14697.0,218,2,112.46,1,3,1,131,Regular
14698.0,2,5,1119.26,5,4,4,544,Champions
14699.0,214,1,109.13000000000001,1,1,1,111,Churned
14700.0,32,3,1324.98,4,3,5,435,Regular
14701.0,11,9,1734.83,5,5,5,555,Champions
14702.0,1,17,2525.04,5,5,5,555,Champions
14703.0,15,1,318.17,5,1,3,513,Regular
14704.0,20,7,1392.33,4,5,5,455,Champions
14708.0,3,2,312.63,5,3,3,533,Regular
14709.0,15,13,2353.4,5,5,5,555,Champions
14710.0,14,4,589.13,5,4,4,544,Champions
14711.0,10,11,1728.69,5,5,5,555,Champions
14712.0,75,2,78.45,2,3,1,231,Regular
14713.0,9,11,1988.61,5,5,5,555,Champions
14714.0,24,1,46.9,4,1,1,411,Regular
14715.0,25,4,592.78,4,4,4,444,Champions
14716.0,43,2,226.84,3,3,2,332,Regular
14719.0,2,5,1318.99,5,4,5,545,Champions
14720.0,6,3,436.68,5,3,3,533,Regular
14722.0,147,1,142.93,2,1,2,212,Churned
14723.0,10,6,1046.58,5,5,4,554,Champions
14725.0,25,1,314.22,4,1,3,413,Regular
14727.0,274,1,116.03,1,1,1,111,Churned
14729.0,374,1,290.79,1,1,3,113,Churned
14730.0,1,8,1673.19,5,5,5,555,Champions
14731.0,47,3,334.15999999999997,3,3,3,333,Regular
14732.0,8,8,1891.65,5,5,5,555,Champions
14733.0,16,12,1419.6100000000001,4,5,5,455,Champions
14735.0,4,25,2404.08,5,5,5,555,Champions
14737.0,4,2,123.3,5,3,1,531,Regular
14738.0,43,7,933.6600000000001,3,5,4,354,Regular
14739.0,20,6,345.0,4,5,3,453,Regular
14740.0,197,3,1300.36,1,3,5,135,Regular
14741.0,12,6,727.34,5,5,4,554,Champions
14744.0,60,4,140.78,3,4,2,342,Regular
14745.0,113,5,814.18,2,4,4,244,Regular
14747.0,249,1,224.65,1,1,2,112,Churned
14748.0,29,5,1177.81,4,4,5,445,Champions
14752.0,44,1,30.0,3,1,1,311,Regular
14753.0,87,1,543.25,2,1,4,214,Churned
14754.0,45,2,506.71999999999997,3,3,3,333,Regular
14755.0,10,11,3041.81,5,5,5,555,Champions
14756.0,15,1,510.52000000000004,5,1,3,513,Regular
14757.0,75,1,314.38,2,1,3,213,Churned
14758.0,145,4,748.82,2,4,4,244,Regular
14759.0,5,3,1198.07,5,3,5,535,Regular
14760.0,297,1,89.2,1,1,1,111,Churned
14761.0,59,2,158.10000000000002,3,3,2,332,Regular
14762.0,264,1,191.62,1,1,2,112,Churned
14764.0,47,1,19.799999999999997,3,1,1,311,Regular
14765.0,29,3,205.61,4,3,2,432,Regular
14766.0,8,6,1868.66,5,5,5,555,Champions
14768.0,127,1,80.10000000000001,2,1,1,211,Churned
14769.0,3,8,7367.97,5,5,5,555,Champions
14770.0,232,2,693.17,1,3,4,134,Regular
14772.0,112,1,126.50999999999999,2,1,1,211,Churned
14775.0,58,3,507.9,3,3,3,333,Regular
14776.0,51,9,510.65999999999997,3,5,3,353,Regular
14778.0,127,2,455.26,2,3,3,233,Regular
14779.0,281,3,195.5,1,3,2,132,Regular
14780.0,55,2,338.72,3,3,3,333,Regular
14782.0,320,1,110.10000000000001,1,1,1,111,Churned
14784.0,26,2,176.84,4,3,2,432,Regular
14785.0,15,1,9.48,5,1,1,511,Regular
14788.0,7,2,324.69,5,3,3,533,Regular
14789.0,29,1,79.8,4,1,1,411,Regular
14790.0,17,4,480.6,4,4,3,443,Regular
14792.0,64,1,6.2,3,1,1,311,Regular
14793.0,21,1,228.99,4,1,2,412,Regular
14794.0,3,6,987.02,5,5,4,554,Champions
14795.0,166,1,131.45000000000002,2,1,1,211,Churned
14796.0,1,17,6070.11,5,5,5,555,Champions
14798.0,53,3,163.66,3,3,2,332,Regular
14799.0,51,1,106.97,3,1,1,311,Regular
14800.0,48,12,2716.87,3,5,5,355,Regular
14801.0,61,1,177.68,3,1,2,312,Regular
14803.0,162,3,198.45000000000002,2,3,2,232,Regular
14804.0,9,1,126.72,5,1,1,511,Regular
14805.0,15,4,333.8,5,4,3,543,Regular
14806.0,75,1,55.5,2,1,1,211,Churned
14808.0,40,7,1214.87,3,5,5,355,Regular
14810.0,41,11,2038.08,3,5,5,355,Regular
14813.0,370,2,121.43,1,3,1,131,Regular
14815.0,37,2,604.02,3,3,4,334,Regular
14816.0,197,1,11.9,1,1,1,111,Churned
14817.0,200,2,855.2,1,3,4,134,Regular
14818.0,74,3,369.05,2,4,3,243,Regular
14819.0,64,2,176.07,3,3,2,332,Regular
14820.0,21,4,443.29,4,4,3,443,Regular
14821.0,367,1,48.800000000000004,1,1,1,111,Churned
14823.0,180,3,241.03,2,4,2,242,Regular
14824.0,10,4,241.86,5,4,2,542,Regular
14825.0,4,12,1669.24,5,5,5,555,Champions
14829.0,29,4,616.03,4,4,4,444,Champions
14830.0,53,1,186.63,3,1,2,312,Regular
14834.0,18,6,1001.2,4,5,4,454,Champions
14836.0,10,3,102.44999999999999,5,4,1,541,Regular
14837.0,90,4,1475.14,2,4,5,245,Regular
14840.0,268,1,62.85,1,1,1,111,Churned
14841.0,53,6,1647.95,3,5,5,355,Regular
14842.0,44,4,2157.64,3,4,5,345,Regular
14844.0,64,4,1660.51,3,4,5,345,Regular
14847.0,149,1,231.3,2,1,2,212,Churned
14849.0,22,23,4105.58,4,5,5,455,Champions
14850.0,312,1,176.85,1,1,2,112,Churned
14851.0,23,2,413.31,4,3,3,433,Regular
14852.0,58,6,1860.06,3,5,5,355,Regular
14853.0,24,2,88.5,4,3,1,431,Regular
14854.0,78,7,1383.1,2,5,5,255,Regular
14855.0,135,1,223.85,2,1,2,212,Churned
14856.0,36,3,912.98,3,4,4,344,Regular
14857.0,60,2,1007.85,3,3,4,334,Regular
14859.0,13,4,803.38,5,4,4,544,Champions
14860.0,19,1,88.72,4,1,1,411,Regular
14861.0,52,1,34.650000000000006,3,1,1,311,Regular
14862.0,26,2,603.3,4,3,4,434,Regular
14863.0,29,1,202.07999999999998,4,1,2,412,Regular
14865.0,7,1,15.0,5,1,1,511,Regular
14866.0,141,1,70.97,2,1,1,211,Churned
14867.0,186,3,544.4200000000001,1,4,4,144,Regular
14868.0,3,8,2231.26,5,5,5,555,Champions
14869.0,9,2,555.85,5,3,4,534,Regular
14870.0,262,1,196.75,1,1,2,112,Churned
14871.0,3,4,522.38,5,4,3,543,Regular
14873.0,210,1,379.93,1,1,3,113,Churned
14875.0,108,2,632.75,2,3,4,234,Regular
14878.0,13,9,947.87,5,5,4,554,Champions
14880.0,77,3,584.73,2,4,4,244,Regular
14881.0,20,1,164.07999999999998,4,1,2,412,Regular
14882.0,27,2,107.4,4,3,1,431,Regular
14883.0,19,6,554.95,4,5,4,454,Champions
14886.0,253,1,290.2,1,1,3,113,Churned
14888.0,207,1,328.7,1,1,3,113,Churned
14889.0,336,1,122.7,1,1,1,111,Churned
14890.0,254,1,125.65,1,1,1,111,Churned
14891.0,148,2,438.1,2,3,3,233,Regular
14893.0,10,2,1044.54,5,3,4,534,Regular
14894.0,85,1,351.8,2,1,3,213,Churned
14895.0,8,17,6368.43,5,5,5,555,Champions
14896.0,205,2,402.57,1,3,3,133,Regular
14897.0,8,4,522.16,5,4,3,543,Regular
14898.0,23,6,799.0699999999999,4,5,4,454,Champions
14901.0,11,9,857.86,5,5,4,554,Champions
14902.0,26,1,281.78000000000003,4,1,2,412,Regular
14903.0,21,5,2289.68,4,4,5,445,Champions
14904.0,2,2,318.14,5,3,3,533,Regular
14905.0,158,2,131.35,2,3,1,231,Regular
14907.0,3,7,2423.51,5,5,5,555,Champions
14908.0,74,1,65.7,2,1,1,211,Churned
14910.0,3,4,365.29,5,4,3,543,Regular
14911.0,1,188,65746.19,5,5,5,555,Champions
14912.0,17,2,293.65,4,3,3,433,Regular
14913.0,36,4,708.14,3,4,4,344,Regular
14915.0,91,2,158.98,2,3,2,232,Regular
14916.0,71,4,943.02,3,4,4,344,Regular
14918.0,116,2,325.55,2,3,3,233,Regular
14920.0,213,2,800.47,1,3,4,134,Regular
14921.0,30,2,1014.45,4,3,4,434,Regular
14923.0,51,1,538.1,3,1,4,314,Regular
14924.0,246,1,120.65,1,1,1,111,Churned
14929.0,32,1,129.68,4,1,1,411,Regular
14930.0,109,3,1620.85,2,4,5,245,Regular
14931.0,5,4,503.36,5,4,3,543,Regular
14932.0,366,1,205.83,1,1,2,112,Churned
14934.0,82,2,1150.41,2,3,5,235,Regular
14936.0,34,8,4751.17,3,5,5,355,Regular
14937.0,57,2,358.44,3,3,3,333,Regular
14944.0,30,9,1725.08,4,5,5,455,Champions
14946.0,14,1,100.9,5,1,1,511,Regular
14947.0,72,2,145.5,3,3,2,332,Regular
14948.0,23,6,820.19,4,5,4,454,Champions
14950.0,19,1,179.78,4,1,2,412,Regular
14951.0,79,1,191.84,2,1,2,212,Churned
14952.0,60,6,1009.14,3,5,4,354,Regular
14953.0,25,1,256.24,4,1,2,412,Regular
14954.0,12,1,202.77,5,1,2,512,Regular
14957.0,253,1,58.49,1,1,1,111,Churned
14958.0,147,3,203.38,2,4,2,242,Regular
14959.0,64,4,611.34,3,4,4,344,Regular
14960.0,8,2,120.62,5,3,1,531,Regular
14961.0,11,9,4527.08,5,5,5,555,Champions
14962.0,271,1,46.550000000000004,1,1,1,111,Churned
14963.0,10,5,848.05,5,4,4,544,Champions
14964.0,247,1,81.75,1,1,1,111,Churned
14965.0,96,1,423.75,2,1,3,213,Churned
14966.0,15,1,157.48,5,1,2,512,Regular
14967.0,50,1,30.0,3,1,1,311,Regular
14968.0,30,1,134.05,4,1,1,411,Regular
14970.0,68,1,102.31,3,1,1,311,Regular
14971.0,35,3,837.94,3,4,4,344,Regular
14972.0,128,1,69.37,2,1,1,211,Churned
14973.0,107,3,348.52,2,4,3,243,Regular
14974.0,37,1,94.49000000000001,3,1,1,311,Regular
14975.0,57,1,38.65,3,1,1,311,Regular
14976.0,57,6,607.46,3,5,4,354,Regular
14978.0,72,5,1745.06,3,4,5,345,Regular
14981.0,246,1,88.2,1,1,1,111,Churned
14984.0,19,2,165.57,4,3,2,432,Regular
14985.0,198,2,258.0,1,3,2,132,Regular
14988.0,212,1,276.79,1,1,2,112,Churned
14995.0,39,2,212.63,3,3,2,332,Regular
14997.0,46,1,26.72,3,1,1,311,Regular
14998.0,170,2,344.66,2,3,3,233,Regular
15000.0,48,1,459.92,3,1,3,313,Regular
15002.0,116,4,1268.3700000000001,2,4,5,245,Regular
15004.0,147,1,800.97,2,1,4,214,Churned
15005.0,16,28,5772.36,4,5,5,455,Champions
15006.0,51,1,456.69,3,1,3,313,Regular
15007.0,159,1,146.96,2,1,2,212,Churned
15009.0,12,3,1116.63,5,4,4,544,Champions
15010.0,36,1,266.19,3,1,2,312,Regular
15012.0,54,2,369.14,3,3,3,333,Regular
15014.0,43,2,177.67000000000002,3,3,2,332,Regular
15016.0,173,1,130.21,2,1,1,211,Churned
15017.0,34,1,115.63,3,1,1,311,Regular
15018.0,39,3,304.66,3,4,3,343,Regular
15019.0,267,1,239.05,1,1,2,112,Churned
15021.0,9,9,1650.52,5,5,5,555,Champions
15022.0,12,3,774.69,5,4,4,544,Champions
15023.0,3,11,5157.27,5,5,5,555,Champions
15024.0,10,7,1361.6,5,5,5,555,Champions
15025.0,33,1,335.06,4,1,3,413,Regular
15026.0,80,3,343.75,2,4,3,243,Regular
15027.0,31,4,373.85,4,4,3,443,Regular
15028.0,8,4,345.84000000000003,5,4,3,543,Regular
15031.0,4,4,508.09000000000003,5,4,3,543,Regular
15032.0,256,3,339.1,1,4,3,143,Regular
15033.0,5,10,2223.37,5,5,5,555,Champions
15034.0,16,8,2933.3,4,5,5,455,Champions
15035.0,90,1,227.29000000000002,2,1,2,212,Churned
15036.0,72,3,388.5,3,4,3,343,Regular
15038.0,59,6,435.09,3,5,3,353,Regular
15039.0,10,45,11774.99,5,5,5,555,Champions
15041.0,170,1,168.4,2,1,2,212,Churned
15042.0,199,1,46.68,1,1,1,111,Churned
15044.0,19,17,5332.27,4,5,5,455,Champions
15045.0,152,1,60.06,2,1,1,211,Churned
15046.0,9,15,1236.18,5,5,5,555,Champions
15047.0,270,1,329.7,1,1,3,113,Churned
15048.0,65,4,320.14,3,4,3,343,Regular
15049.0,274,1,40.050000000000004,1,1,1,111,Churned
15050.0,25,2,745.27,4,3,4,434,Regular
15051.0,23,3,1049.36,4,4,4,444,Champions
15052.0,319,1,135.88,1,1,2,112,Churned
15053.0,5,3,457.19,5,4,3,543,Regular
15054.0,12,2,302.1,5,3,3,533,Regular
15057.0,316,1,35.400000000000006,1,1,1,111,Churned
15058.0,25,11,1571.94,4,5,5,455,Champions
15059.0,41,9,1065.52,3,5,4,354,Regular
15060.0,8,3,274.71,5,4,2,542,Regular
15061.0,128,16,611.75,2,5,4,254,Regular
15062.0,71,4,722.6,3,4,4,344,Regular
15063.0,213,1,30.599999999999998,1,1,1,111,Churned
15065.0,38,4,1907.4,3,4,5,345,Regular
15066.0,53,1,596.29,3,1,4,314,Regular
15067.0,78,3,1065.04,2,4,4,244,Regular
15068.0,46,2,450.9,3,3,3,333,Regular
15069.0,179,1,879.33,2,1,4,214,Churned
15071.0,94,2,306.02,2,3,3,233,Regular
15073.0,10,3,814.45,5,4,4,544,Champions
15074.0,105,1,576.07,2,1,4,214,Churned
15075.0,78,1,319.36,2,1,3,213,Churned
15076.0,173,1,547.74,2,1,4,214,Churned
15078.0,7,32,6902.4800000000005,5,5,5,555,Champions
15079.0,213,3,590.64,1,4,4,144,Regular
15081.0,22,5,394.6,4,4,3,443,Regular
15083.0,257,1,27.9,1,1,1,111,Churned
15087.0,282,1,193.66,1,1,2,112,Churned
15088.0,21,2,892.34,4,3,4,434,Regular
15089.0,10,6,1739.99,5,5,5,555,Champions
15090.0,308,1,337.52,1,1,3,113,Churned
15091.0,68,1,386.05,3,1,3,313,Regular
15092.0,215,2,406.81,1,3,3,133,Regular
15093.0,18,6,553.34,4,5,4,454,Champions
15095.0,104,4,537.54,2,4,4,244,Regular
15096.0,43,1,130.09,3,1,1,311,Regular
15097.0,4,1,238.72,5,1,2,512,Regular
15099.0,84,1,238.70000000000002,2,1,2,212,Churned
15101.0,9,2,79.45,5,3,1,531,Regular
15103.0,31,2,489.76,4,3,3,433,Regular
15104.0,197,2,576.59,1,3,4,134,Regular
15105.0,18,7,1338.99,4,5,5,455,Champions
15106.0,18,5,1101.77,4,4,4,444,Champions
15107.0,334,3,83.7,1,4,1,141,Regular
15108.0,142,3,736.95,2,4,4,244,Regular
15109.0,246,1,327.15000000000003,1,1,3,113,Churned
15110.0,24,4,396.0,4,4,3,443,Regular
15111.0,29,3,1322.0,4,4,5,445,Champions
15113.0,10,2,405.57,5,3,3,533,Regular
15114.0,30,10,1695.2,4,5,5,455,Champions
15115.0,18,1,238.81,4,1,2,412,Regular
15116.0,18,4,509.42,4,4,3,443,Regular
15117.0,15,5,1028.83,5,4,4,544,Champions
15119.0,246,1,149.6,1,1,2,112,Churned
15120.0,134,1,141.79999999999998,2,1,2,212,Churned
15121.0,50,2,378.67,3,3,3,333,Regular
15122.0,114,3,1042.66,2,4,4,244,Regular
15123.0,7,2,1388.01,5,3,5,535,Regular
15124.0,23,2,106.1,4,3,1,431,Regular
15125.0,113,4,166.5,2,4,2,242,Regular
15127.0,66,1,240.21,3,1,2,312,Regular
15128.0,60,4,1146.04,3,4,5,345,Regular
15129.0,50,10,840.1700000000001,3,5,4,354,Regular
15130.0,170,1,323.15000000000003,2,1,3,213,Churned
15132.0,18,5,749.69,4,4,4,444,Champions
15133.0,128,3,223.7,2,4,2,242,Regular
15134.0,15,8,974.0500000000001,5,5,4,554,Champions
15135.0,239,1,139.05,1,1,2,112,Churned
15136.0,3,4,1084.38,5,4,4,544,Champions
15139.0,240,2,134.08,1,3,1,131,Regular
15140.0,52,7,1124.67,3,5,5,355,Regular
15142.0,46,1,287.3,3,1,3,313,Regular
15143.0,226,1,215.85,1,1,2,112,Churned
15144.0,8,15,2110.56,5,5,5,555,Champions
15145.0,4,4,608.09,5,4,4,544,Champions
15146.0,165,2,881.4399999999999,2,3,4,234,Regular
15147.0,240,1,401.5,1,1,3,113,Churned
15148.0,11,1,291.45,5,1,3,513,Regular
15149.0,134,1,248.25000000000003,2,1,2,212,Churned
15150.0,17,10,4172.2300000000005,4,5,5,455,Champions
15152.0,10,13,3492.21,5,5,5,555,Champions
15153.0,31,1,242.46,4,1,2,412,Regular
15154.0,75,1,224.22,2,1,2,212,Churned
15156.0,1,3,649.11,5,4,4,544,Champions
15157.0,4,3,917.87,5,4,4,544,Champions
15159.0,2,28,7490.57,5,5,5,555,Champions
15160.0,357,1,45.0,1,1,1,111,Churned
15163.0,18,2,209.47,4,3,2,432,Regular
15164.0,69,3,785.5,3,4,4,344,Regular
15165.0,373,1,426.3,1,1,3,113,Churned
15167.0,321,1,154.5,1,1,2,112,Churned
15168.0,26,1,51.9,4,1,1,411,Regular
15172.0,9,5,1186.8,5,4,5,545,Champions
15174.0,323,1,110.55,1,1,1,111,Churned
15175.0,72,1,161.62,3,1,2,312,Regular
15178.0,260,1,40.5,1,1,1,111,Churned
15179.0,18,3,903.13,4,4,4,444,Champions
15180.0,367,1,87.5,1,1,1,111,Churned
15181.0,175,1,19.799999999999997,2,1,1,211,Churned
15182.0,154,2,605.85,2,3,4,234,Regular
15184.0,29,2,258.49,4,3,2,432,Regular
15185.0,70,1,37.68,3,1,1,311,Regular
15186.0,14,2,305.75,5,3,3,533,Regular
15187.0,2,9,910.34,5,5,4,554,Champions
15189.0,4,27,1436.1000000000001,5,5,5,555,Champions
15192.0,120,3,462.36,2,4,3,243,Regular
15193.0,61,1,211.85,3,1,2,312,Regular
15194.0,3,15,3297.44,5,5,5,555,Champions
15197.0,11,2,333.15,5,3,3,533,Regular
15198.0,92,2,163.64,2,3,2,232,Regular
15199.0,236,2,81.75,1,3,1,131,Regular
15201.0,87,5,644.46,2,4,4,244,Regular
15203.0,26,6,1685.04,4,5,5,455,Champions
15204.0,357,1,51.3,1,1,1,111,Churned
15205.0,85,2,405.39,2,3,3,233,Regular
15206.0,146,2,53.10000000000001,2,3,1,231,Regular
15208.0,1,5,471.07,5,4,3,543,Regular
15210.0,225,1,201.12,1,1,2,112,Churned
15211.0,60,2,670.9100000000001,3,3,4,334,Regular
15212.0,241,1,62.0,1,1,1,111,Churned
15213.0,319,2,280.95,1,3,2,132,Regular
15214.0,2,8,1380.55,5,5,5,555,Champions
15215.0,47,3,496.04,3,4,3,343,Regular
15216.0,88,1,33.0,2,1,1,211,Churned
15218.0,11,9,1430.58,5,5,5,555,Champions
15219.0,176,1,31.6,2,1,1,211,Churned
15220.0,52,6,1483.23,3,5,5,355,Regular
15223.0,226,2,218.35000000000002,1,3,2,132,Regular
15224.0,358,2,137.33,1,3,2,132,Regular
15225.0,234,1,345.6,1,1,3,113,Churned
15226.0,311,1,121.94999999999999,1,1,1,111,Churned
15227.0,37,5,691.14,3,4,4,344,Regular
15228.0,66,4,1588.09,3,4,5,345,Regular
15230.0,241,1,216.3,1,1,2,112,Churned
15232.0,113,2,139.9,2,3,2,232,Regular
15234.0,277,1,179.0,1,1,2,112,Churned
15235.0,218,12,1938.17,1,5,5,155,Regular
15236.0,299,1,93.05,1,1,1,111,Churned
15237.0,2,4,1133.94,5,4,5,545,Champions
15238.0,29,3,552.71,4,4,4,444,Champions
15239.0,10,2,678.09,5,3,4,534,Regular
15240.0,45,5,944.73,3,4,4,344,Regular
15241.0,67,8,982.03,3,5,4,354,Regular
15243.0,74,1,306.18,2,1,3,213,Churned
15244.0,65,2,428.96999999999997,3,3,3,333,Regular
15245.0,134,3,1190.46,2,4,5,245,Regular
15246.0,238,2,458.1,1,3,3,133,Regular
15247.0,122,1,10.4,2,1,1,211,Churned
15249.0,32,13,5457.52,4,5,5,455,Champions
15252.0,36,2,677.78,3,3,4,334,Regular
15253.0,16,5,599.13,4,4,4,444,Champions
15254.0,127,1,232.32,2,1,2,212,Churned
15255.0,67,1,567.95,3,1,4,314,Regular
15256.0,149,1,98.45,2,1,1,211,Churned
15257.0,283,1,10.2,1,1,1,111,Churned
15258.0,169,2,466.26,2,3,3,233,Regular
15260.0,100,6,1014.1,2,5,4,254,Regular
15261.0,135,1,226.98,2,1,2,212,Churned
15262.0,324,1,161.95000000000002,1,1,2,112,Churned
15263.0,107,1,139.51,2,1,2,212,Churned
15264.0,64,1,321.74,3,1,3,313,Regular
15265.0,151,2,1158.9,2,3,5,235,Regular
15266.0,338,1,79.5,1,1,1,111,Churned
15270.0,118,4,432.25,2,4,3,243,Regular
15271.0,7,15,2087.42,5,5,5,555,Champions
15272.0,57,2,484.11,3,3,3,333,Regular
15274.0,4,2,620.33,5,3,4,534,Regular
15275.0,38,1,441.07,3,1,3,313,Regular
15276.0,66,1,126.81,3,1,1,311,Regular
15277.0,47,1,107.28,3,1,1,311,Regular
15279.0,355,1,240.45,1,1,2,112,Churned
15280.0,172,1,61.22,2,1,1,211,Churned
15281.0,59,9,1933.92,3,5,5,355,Regular
15287.0,22,2,213.69,4,3,2,432,Regular
15288.0,43,5,717.97,3,4,4,344,Regular
15289.0,29,3,607.14,4,4,4,444,Champions
15290.0,5,18,1785.14,5,5,5,555,Champions
15291.0,26,10,918.36,4,5,4,454,Champions
15292.0,201,1,130.14000000000001,1,1,1,111,Churned
15296.0,51,6,2608.34,3,5,5,355,Regular
15297.0,10,3,624.94,5,4,4,544,Champions
15298.0,2,11,2237.7400000000002,5,5,5,555,Champions
15300.0,64,1,372.84,3,1,3,313,Regular
15301.0,51,10,2952.73,3,5,5,355,Regular
15303.0,290,1,459.72,1,1,3,113,Churned
15304.0,61,4,203.00000000000003,3,4,2,342,Regular
15306.0,64,3,733.12,3,4,4,344,Regular
15307.0,96,1,135.10000000000002,2,1,1,211,Churned
15308.0,274,1,234.15,1,1,2,112,Churned
15311.0,1,91,10412.92,5,5,5,555,Champions
15312.0,75,4,711.5500000000001,2,4,4,244,Regular
15314.0,199,1,269.41,1,1,2,112,Churned
15315.0,64,2,234.73999999999998,3,3,2,332,Regular
15318.0,4,1,138.38,5,1,2,512,Regular
15319.0,284,1,113.50000000000001,1,1,1,111,Churned
15320.0,44,1,189.03,3,1,2,312,Regular
15321.0,71,3,1485.38,3,4,5,345,Regular
15322.0,86,1,531.24,2,1,4,214,Churned
15325.0,104,1,120.89,2,1,1,211,Churned
15326.0,334,1,225.85,1,1,2,112,Churned
15327.0,53,1,79.8,3,1,1,311,Regular
15329.0,39,3,840.5500000000001,3,4,4,344,Regular
15332.0,370,3,233.1,1,4,2,142,Regular
15333.0,208,1,154.9,1,1,2,112,Churned
15334.0,157,3,341.72,2,4,3,243,Regular
15335.0,54,1,165.47,3,1,2,312,Regular
15339.0,66,2,535.55,3,3,4,334,Regular
15342.0,130,1,331.62,2,1,3,213,Churned
15343.0,87,1,250.70000000000002,2,1,2,212,Churned
15344.0,1,3,237.68,5,4,2,542,Regular
15345.0,46,1,230.39000000000001,3,1,2,312,Regular
15346.0,333,1,242.34,1,1,2,112,Churned
15347.0,366,1,81.60000000000001,1,1,1,111,Churned
15348.0,72,1,158.04,3,1,2,312,Regular
15349.0,158,2,353.26,2,3,3,233,Regular
15350.0,373,1,115.65,1,1,1,111,Churned
15351.0,12,7,1631.25,5,5,5,555,Champions
15353.0,255,2,448.37,1,3,3,133,Regular
15355.0,29,2,229.35000000000002,4,3,2,432,Regular
15356.0,31,10,2728.95,4,5,5,455,Champions
15358.0,5,22,6433.64,5,5,5,555,Champions
15360.0,40,1,122.5,3,1,1,311,Regular
15361.0,362,1,10.2,1,1,1,111,Churned
15363.0,373,1,286.40000000000003,1,1,2,112,Churned
15364.0,96,2,319.67,2,3,3,233,Regular
15365.0,26,7,1626.96,4,5,5,455,Champions
15366.0,75,2,394.46,2,3,3,233,Regular
15367.0,57,4,1307.6,3,4,5,345,Regular
15368.0,21,1,16.5,4,1,1,411,Regular
15370.0,60,6,1381.02,3,5,5,355,Regular
15373.0,8,9,1264.01,5,5,5,555,Champions
15374.0,129,1,25.200000000000003,2,1,1,211,Churned
15376.0,40,3,1079.25,3,4,4,344,Regular
15379.0,169,7,2592.03,2,5,5,255,Regular
15380.0,9,4,225.04,5,4,2,542,Regular
15381.0,268,1,103.5,1,1,1,111,Churned
15382.0,15,5,3932.16,5,4,5,545,Champions
15384.0,170,2,380.05,2,3,3,233,Regular
15385.0,40,1,148.46,3,1,2,312,Regular
15386.0,186,1,284.58,1,1,2,112,Churned
15388.0,270,1,140.54,1,1,2,112,Churned
15392.0,5,4,823.6899999999999,5,4,4,544,Champions
15393.0,16,2,191.3,4,3,2,432,Regular
15394.0,10,4,1388.8700000000001,5,4,5,545,Champions
15395.0,326,1,90.45,1,1,1,111,Churned
15396.0,113,1,139.18,2,1,2,212,Churned
15397.0,290,1,94.0,1,1,1,111,Churned
15398.0,16,2,1212.29,4,3,5,435,Regular
15399.0,1,3,678.25,5,4,4,544,Champions
15400.0,128,2,50.2,2,3,1,231,Regular
15402.0,149,2,450.27000000000004,2,3,3,233,Regular
15405.0,189,1,31.94,1,1,1,111,Churned
15406.0,31,2,331.79,4,3,3,433,Regular
15407.0,34,4,578.29,3,4,4,344,Regular
15408.0,264,1,169.68,1,1,2,112,Churned
15410.0,84,8,1865.49,2,5,5,255,Regular
15411.0,26,4,1147.24,4,4,5,445,Champions
15412.0,171,1,49.79,2,1,1,211,Churned
15414.0,10,3,552.0600000000001,5,4,4,544,Champions
15415.0,313,1,380.4,1,1,3,113,Churned
15416.0,65,4,2609.7000000000003,3,4,5,345,Regular
15417.0,85,1,495.6,2,1,3,213,Churned
15419.0,25,1,49.699999999999996,4,1,1,411,Regular
15421.0,59,4,915.44,3,4,4,344,Regular
15422.0,323,2,97.7,1,3,1,131,Regular
15423.0,38,1,7.5,3,1,1,311,Regular
15424.0,254,2,124.5,1,3,1,131,Regular
15426.0,19,5,1069.02,4,4,4,444,Champions
15427.0,33,3,1310.22,4,4,5,445,Champions
15428.0,15,1,68.10000000000001,5,1,1,511,Regular
15429.0,27,2,321.98,4,3,3,433,Regular
15432.0,23,1,171.19,4,1,2,412,Regular
15433.0,214,2,445.7,1,3,3,133,Regular
15434.0,8,5,749.86,5,4,4,544,Champions
15435.0,22,1,125.84,4,1,1,411,Regular
15436.0,12,3,1020.65,5,4,4,544,Champions
15437.0,262,1,191.66,1,1,2,112,Churned
15438.0,131,1,137.13,2,1,2,212,Churned
15440.0,55,3,307.18,3,4,3,343,Regular
15443.0,2,7,2628.23,5,5,5,555,Champions
15444.0,9,2,1295.66,5,3,5,535,Regular
15445.0,264,1,17.700000000000003,1,1,1,111,Churned
15447.0,331,1,129.67,1,1,1,111,Churned
15448.0,313,1,370.24,1,1,3,113,Churned
15449.0,26,3,777.62,4,4,4,444,Champions
15450.0,30,1,336.44,4,1,3,413,Regular
15452.0,30,3,511.03,4,4,3,443,Regular
15453.0,2,7,1152.67,5,5,5,555,Champions
15454.0,362,1,157.2,1,1,2,112,Churned
15456.0,283,3,269.2,1,4,2,142,Regular
15457.0,262,1,217.17,1,1,2,112,Churned
15458.0,25,1,53.4,4,1,1,411,Regular
15460.0,354,1,178.6,1,1,2,112,Churned
15462.0,94,3,144.6,2,4,2,242,Regular
15463.0,29,1,89.3,4,1,1,411,Regular
15464.0,338,1,773.1,1,1,4,114,Churned
15465.0,20,16,719.84,4,5,4,454,Champions
15466.0,85,1,324.58,2,1,3,213,Churned
15467.0,9,3,413.05,5,4,3,543,Regular
15468.0,51,1,426.81,3,1,3,313,Regular
15469.0,50,2,342.55,3,3,3,333,Regular
15471.0,2,1,379.38,5,1,3,513,Regular
15472.0,113,1,351.65999999999997,2,1,3,213,Churned
15475.0,77,1,406.31,2,1,3,213,Churned
15478.0,40,2,417.71000000000004,3,3,3,333,Regular
15480.0,116,1,560.95,2,1,4,214,Churned
15482.0,166,4,148.96,2,4,2,242,Regular
15483.0,161,4,197.95,2,4,2,242,Regular
15484.0,1,4,1495.36,5,4,5,545,Champions
15485.0,30,3,585.66,4,4,4,444,Champions
15489.0,23,3,624.89,4,4,4,444,Champions
15491.0,95,6,1706.99,2,5,5,255,Regular
15492.0,28,2,304.64,4,3,3,433,Regular
15493.0,33,5,1568.8,4,4,5,445,Champions
15494.0,21,2,789.72,4,3,4,434,Regular
15498.0,3,24,5851.39,5,5,5,555,Champions
15500.0,8,4,871.33,5,4,4,544,Champions
15502.0,16,9,2076.25,4,5,5,455,Champions
15503.0,363,1,128.64000000000001,1,1,1,111,Churned
15504.0,81,1,52.83,2,1,1,211,Churned
15505.0,53,4,584.74,3,4,4,344,Regular
15506.0,23,3,737.06,4,4,4,444,Champions
15507.0,172,1,386.01,2,1,3,213,Churned
15508.0,189,6,705.1,1,5,4,154,Regular
15511.0,12,5,670.4300000000001,5,4,4,544,Champions
15512.0,156,2,121.0,2,3,1,231,Regular
15513.0,33,15,2659.28,4,5,5,455,Champions
15514.0,12,10,1655.39,5,5,5,555,Champions
15516.0,45,3,53.93,3,4,1,341,Regular
15517.0,233,1,178.10999999999999,1,1,2,112,Churned
15518.0,64,8,1685.09,3,5,5,355,Regular
15520.0,2,1,320.7,5,1,3,513,Regular
15521.0,40,7,1518.35,3,5,5,355,Regular
15522.0,33,2,206.06,4,3,2,432,Regular
15523.0,84,1,88.51,2,1,1,211,Churned
15525.0,2,3,657.99,5,4,4,544,Champions
15526.0,33,1,9.14,4,1,1,411,Regular
15527.0,19,8,1028.0900000000001,4,5,4,454,Champions
15528.0,254,1,120.82,1,1,1,111,Churned
15529.0,23,11,3268.28,4,5,5,455,Champions
15530.0,22,4,1026.7,4,4,4,444,Champions
15531.0,8,2,1586.15,5,3,5,535,Regular
15532.0,25,4,1187.09,4,4,5,445,Champions
15533.0,19,3,584.42,4,4,4,444,Champions
15535.0,173,4,374.55,2,4,3,243,Regular
15537.0,163,1,93.97,2,1,1,211,Churned
15539.0,7,1,407.90000000000003,5,1,3,513,Regular
15540.0,11,1,155.22,5,1,2,512,Regular
15541.0,114,1,85.13000000000001,2,1,1,211,Churned
15543.0,288,1,117.91,1,1,1,111,Churned
15544.0,9,9,2970.89,5,5,5,555,Champions
15545.0,54,2,257.27,3,3,2,332,Regular
15547.0,7,13,3607.12,5,5,5,555,Champions
15549.0,77,3,1232.8400000000001,2,4,5,245,Regular
15550.0,4,4,443.93,5,4,3,543,Regular
15551.0,37,1,279.21000000000004,3,1,2,312,Regular
15552.0,217,1,90.12,1,1,1,111,Churned
15553.0,60,1,298.2,3,1,3,313,Regular
15554.0,278,1,146.3,1,2,2,122,Churned
15555.0,12,16,3861.11,5,5,5,555,Champions
15556.0,24,1,201.37,4,2,2,422,Regular
15557.0,29,1,222.44000000000003,4,2,2,422,Regular
15561.0,12,4,326.94,5,4,3,543,Regular
15563.0,22,3,653.49,4,4,4,444,Champions
15565.0,50,2,173.16,3,3,2,332,Regular
15567.0,19,1,59.7,4,2,1,421,Regular
15568.0,3,3,544.87,5,4,4,544,Champions
15569.0,132,2,40.2,2,3,1,231,Regular
15570.0,7,12,3175.19,5,5,5,555,Champions
15571.0,12,4,313.40000000000003,5,4,3,543,Regular
15572.0,5,7,1634.3700000000001,5,5,5,555,Champions
15573.0,32,2,438.51,4,3,3,433,Regular
15574.0,178,4,481.16,2,4,3,243,Regular
15576.0,38,1,420.03000000000003,3,2,3,323,Regular
15577.0,151,3,233.38,2,4,2,242,Regular
15578.0,162,1,57.5,2,2,1,221,Churned
15579.0,69,2,310.7,3,3,3,333,Regular
15581.0,156,10,597.48,2,5,4,254,Regular
15582.0,25,3,584.5300000000001,4,4,4,444,Champions
15584.0,24,4,604.41,4,4,4,444,Champions
15585.0,177,1,385.46,2,2,3,223,Churned
15587.0,50,2,61.199999999999996,3,3,1,331,Regular
15589.0,256,2,386.43,1,3,3,133,Regular
15592.0,47,1,258.26,3,2,2,322,Regular
15593.0,71,1,45.0,3,2,1,321,Regular
15594.0,16,5,1454.42,4,4,5,445,Champions
15596.0,101,5,1020.34,2,4,4,244,Regular
15597.0,35,1,296.73,3,2,3,323,Regular
15598.0,53,1,189.36,3,2,2,322,Regular
15599.0,27,2,576.71,4,3,4,434,Regular
15601.0,11,14,5162.61,5,5,5,555,Champions
15602.0,28,5,289.88,4,4,3,443,Regular
15604.0,52,1,216.39,3,2,2,322,Regular
15605.0,36,5,987.5500000000001,3,4,4,344,Regular
15606.0,61,9,869.2,3,5,4,354,Regular
15607.0,337,1,64.96,1,2,1,121,Churned
15608.0,60,3,731.4,3,4,4,344,Regular
15609.0,184,1,178.78,1,2,2,122,Churned
15610.0,52,1,112.46000000000001,3,2,1,321,Regular
15611.0,10,10,501.69000000000005,5,5,3,553,Regular
15612.0,36,2,56.1,3,3,1,331,Regular
15615.0,10,22,5097.64,5,5,5,555,Champions
15618.0,33,4,653.5509999999999,4,4,4,444,Champions
15620.0,57,3,1279.89,3,4,5,345,Regular
15621.0,4,2,61.85,5,3,1,531,Regular
15622.0,43,9,2601.75,3,5,5,355,Regular
15623.0,141,1,251.15,2,2,2,222,Churned
15624.0,117,4,502.14000000000004,2,4,3,243,Regular
15625.0,104,4,578.1,2,4,4,244,Regular
15626.0,75,2,495.84,2,3,3,233,Regular
15628.0,5,9,2327.78,5,5,5,555,Champions
15630.0,45,2,600.89,3,3,4,334,Regular
15632.0,16,8,1936.02,4,5,5,455,Champions
15634.0,17,1,243.55,4,2,2,422,Regular
15636.0,90,2,406.66,2,3,3,233,Regular
15637.0,53,1,209.44,3,2,2,322,Regular
15639.0,134,1,106.92,2,2,1,221,Churned
15640.0,4,14,5920.09,5,5,5,555,Champions
15641.0,105,4,1430.44,2,4,5,245,Regular
15643.0,192,3,296.65000000000003,1,4,3,143,Regular
15644.0,166,4,795.1,2,4,4,244,Regular
15645.0,19,1,483.01000000000005,4,2,3,423,Regular
15646.0,158,3,319.69000000000005,2,4,3,243,Regular
15648.0,204,2,415.25,1,3,3,133,Regular
15651.0,37,3,329.15999999999997,3,4,3,343,Regular
15652.0,91,1,183.32,2,2,2,222,Churned
15653.0,116,1,48.0,2,2,1,221,Churned
15654.0,9,2,227.01,5,3,2,532,Regular
15655.0,243,1,486.87,1,2,3,123,Churned
15656.0,45,4,589.08,3,4,4,344,Regular
15658.0,190,4,663.85,1,4,4,144,Regular
15659.0,44,1,196.35,3,2,2,322,Regular
15660.0,25,9,1126.28,4,5,5,455,Champions
15661.0,317,1,19.8,1,2,1,121,Churned
15663.0,106,1,124.1,2,2,1,221,Churned
15664.0,51,1,230.31,3,2,2,322,Regular
15665.0,168,2,1253.7,2,3,5,235,Regular
15667.0,40,1,59.76,3,2,1,321,Regular
15669.0,40,4,411.92,3,4,3,343,Regular
15670.0,297,1,173.05,1,2,2,122,Churned
15671.0,26,5,799.23,4,4,4,444,Champions
15673.0,88,4,1956.55,2,4,5,245,Regular
15674.0,73,4,1591.95,2,4,5,245,Regular
15675.0,81,3,216.16,2,4,2,242,Regular
15676.0,19,3,2449.9,4,4,5,445,Champions
15677.0,49,1,479.68,3,2,3,323,Regular
15678.0,53,1,145.1,3,2,2,322,Regular
15679.0,24,4,608.18,4,4,4,444,Champions
15680.0,9,3,1018.57,5,4,4,544,Champions
15681.0,25,5,569.02,4,4,4,444,Champions
15683.0,117,1,152.95,2,2,2,222,Churned
15687.0,9,9,2193.33,5,5,5,555,Champions
15689.0,120,2,133.5,2,3,1,231,Regular
15690.0,4,2,89.16,5,3,1,531,Regular
15692.0,28,1,177.12,4,2,2,422,Regular
15694.0,8,9,481.0,5,5,3,553,Regular
15695.0,267,2,357.81,1,3,3,133,Regular
15696.0,33,8,2239.59,4,5,5,455,Champions
15699.0,18,1,206.82,4,2,2,422,Regular
15700.0,172,2,599.13,2,3,4,234,Regular
15701.0,2,4,1223.48,5,4,5,545,Champions
15703.0,265,1,104.4,1,2,1,121,Churned
15704.0,140,4,1209.75,2,4,5,245,Regular
15705.0,201,1,83.1,1,2,1,121,Churned
15706.0,65,3,708.36,3,4,4,344,Regular
15707.0,35,4,767.28,3,4,4,344,Regular
15708.0,41,7,2463.7200000000003,3,5,5,355,Regular
15709.0,284,1,69.65,1,2,1,121,Churned
15712.0,9,4,792.8000000000001,5,4,4,544,Champions
15713.0,143,2,193.34,2,3,2,232,Regular
15714.0,12,2,219.08,5,3,2,532,Regular
15716.0,146,4,829.89,2,4,4,244,Regular
15717.0,234,1,150.3,1,2,2,122,Churned
15719.0,33,13,4905.29,4,5,5,455,Champions
15720.0,24,1,472.23,4,2,3,423,Regular
15721.0,12,1,404.82,5,2,3,523,Regular
15722.0,36,4,710.61,3,4,4,344,Regular
15723.0,365,1,173.25,1,2,2,122,Churned
15724.0,201,2,218.25,1,3,2,132,Regular
15725.0,15,1,379.25,5,2,3,523,Regular
15727.0,17,7,3243.58,4,5,5,455,Champions
15729.0,213,1,85.0,1,2,1,121,Churned
15730.0,66,3,960.71,3,4,4,344,Regular
15732.0,212,2,176.1,1,3,2,132,Regular
15733.0,283,1,128.3,1,2,1,121,Churned
15734.0,115,2,245.1,2,3,2,232,Regular
15737.0,23,6,891.23,4,5,4,454,Champions
15738.0,19,15,1661.33,4,5,5,455,Champions
15739.0,66,1,77.6,3,2,1,321,Regular
15740.0,49,1,110.48,3,2,1,321,Regular
15743.0,16,4,702.26,4,4,4,444,Champions
15745.0,19,4,801.94,4,4,4,444,Champions
15746.0,134,1,182.96,2,2,2,222,Churned
15747.0,13,3,682.04,5,4,4,544,Champions
15748.0,40,1,139.36,3,2,2,322,Regular
15750.0,3,8,2128.91,5,5,5,555,Champions
15752.0,40,7,2554.85,3,5,5,355,Regular
15754.0,51,3,458.57,3,4,3,343,Regular
15755.0,10,6,1856.72,5,5,5,555,Champions
15756.0,61,4,500.31,3,4,3,343,Regular
15757.0,66,2,632.44,3,3,4,334,Regular
15758.0,25,1,205.25,4,2,2,422,Regular
15759.0,297,2,77.24000000000001,1,3,1,131,Regular
15762.0,65,2,485.65000000000003,3,3,3,333,Regular
15763.0,32,2,734.27,4,3,4,434,Regular
15764.0,88,6,2360.47,2,5,5,255,Regular
15766.0,64,1,85.8,3,2,1,321,Regular
15768.0,116,3,304.75,2,4,3,243,Regular
15773.0,6,1,97.9,5,2,1,521,Regular
15774.0,69,1,197.9,3,2,2,322,Regular
15775.0,245,1,87.9,1,2,1,121,Churned
15776.0,133,1,179.43,2,2,2,222,Churned
15777.0,241,2,160.20000000000002,1,3,2,132,Regular
15780.0,184,3,423.38,1,4,3,143,Regular
15781.0,25,3,277.95,4,4,2,442,Regular
15782.0,10,3,257.52,5,4,2,542,Regular
15783.0,11,1,197.82,5,2,2,522,Regular
15785.0,33,5,619.71,4,4,4,444,Champions
15786.0,46,3,3054.31,3,4,5,345,Regular
15787.0,26,3,796.6899999999999,4,4,4,444,Champions
15789.0,358,1,221.34,1,2,2,122,Churned
15790.0,10,1,170.28,5,2,2,522,Regular
15791.0,44,2,1120.92,3,3,4,334,Regular
15795.0,150,1,346.36,2,2,3,223,Churned
15796.0,1,8,1916.96,5,5,5,555,Champions
15799.0,76,3,628.54,2,4,4,244,Regular
15800.0,107,2,600.63,2,3,4,234,Regular
15801.0,46,3,920.87,3,4,4,344,Regular
15803.0,51,1,75.9,3,2,1,321,Regular
15804.0,1,13,3238.22,5,5,5,555,Champions
15805.0,23,15,4044.9500000000003,4,5,5,455,Champions
15806.0,46,3,243.9,3,4,2,342,Regular
15807.0,50,3,735.4,3,4,4,344,Regular
15808.0,306,4,2082.64,1,4,5,145,Regular
15809.0,36,5,421.84,3,4,3,343,Regular
15810.0,79,4,1230.67,2,4,5,245,Regular
15811.0,22,6,1956.65,4,5,5,455,Champions
15812.0,107,3,195.28,2,4,2,242,Regular
15813.0,208,2,328.96,1,3,3,133,Regular
15814.0,17,4,636.43,4,4,4,444,Champions
15815.0,64,3,184.14000000000001,3,4,2,342,Regular
15819.0,49,4,1698.21,3,4,5,345,Regular
15820.0,320,1,116.97999999999999,1,2,1,121,Churned
15821.0,44,2,446.36,3,3,3,333,Regular
15822.0,3,2,430.8,5,3,3,533,Regular
15825.0,172,1,148.32,2,2,2,222,Churned
15826.0,56,3,672.33,3,4,4,344,Regular
15827.0,73,14,1517.3600000000001,2,5,5,255,Regular
15829.0,99,2,344.06,2,3,3,233,Regular
15830.0,38,1,470.06,3,2,3,323,Regular
15831.0,58,3,273.29,3,4,2,342,Regular
15832.0,254,1,826.71,1,2,4,124,Churned
15834.0,70,3,1605.28,3,4,5,345,Regular
15835.0,44,4,808.51,3,4,4,344,Regular
15836.0,50,1,49.97,3,2,1,321,Regular
15837.0,65,1,295.67,3,2,3,323,Regular
15839.0,33,3,974.78,4,4,4,444,Champions
15840.0,59,2,255.52,3,3,2,332,Regular
15841.0,73,4,438.15999999999997,2,4,3,243,Regular
15843.0,304,1,80.70000000000002,1,2,1,121,Churned
15844.0,46,1,101.88,3,2,1,321,Regular
15845.0,18,8,1895.65,4,5,5,455,Champions
15847.0,38,2,293.94,3,3,3,333,Regular
15850.0,19,2,186.36,4,3,2,432,Regular
15852.0,197,1,52.21,1,2,1,121,Churned
15853.0,52,1,89.8,3,2,1,321,Regular
15854.0,4,11,997.9300000000001,5,5,4,554,Champions
15855.0,137,5,652.24,2,4,4,244,Regular
15856.0,4,25,4545.49,5,5,5,555,Champions
15857.0,19,1,121.8,4,2,1,421,Regular
15858.0,16,5,854.83,4,4,4,444,Champions
15860.0,41,8,774.76,3,5,4,354,Regular
15861.0,12,7,2684.71,5,5,5,555,Champions
15862.0,8,4,647.42,5,4,4,544,Champions
15863.0,26,2,50.39,4,3,1,431,Regular
15864.0,67,3,91.4,3,4,1,341,Regular
15865.0,41,3,272.2,3,4,2,342,Regular
15866.0,101,1,158.68,2,2,2,222,Churned
15867.0,5,15,3123.61,5,5,5,555,Champions
15869.0,277,2,88.5,1,3,1,131,Regular
15870.0,33,1,314.09000000000003,4,2,3,423,Regular
15872.0,15,2,311.18,5,3,3,533,Regular
15874.0,64,7,662.67,3,5,4,354,Regular
15877.0,2,2,408.38,5,3,3,533,Regular
15880.0,369,1,276.43,1,2,2,122,Churned
15881.0,312,4,120.19,1,4,1,141,Regular
15882.0,199,3,182.4,1,4,2,142,Regular
15883.0,2,2,348.28,5,3,3,533,Regular
15885.0,93,1,258.55,2,2,2,222,Churned
15886.0,60,1,104.5,3,2,1,321,Regular
15888.0,81,1,91.81,2,2,1,221,Churned
15889.0,157,2,382.19,2,3,3,233,Regular
15891.0,227,1,399.99,1,2,3,123,Churned
15894.0,253,2,189.3,1,3,2,132,Regular
15895.0,150,1,21.85,2,2,1,221,Churned
15897.0,194,2,96.43,1,3,1,131,Regular
15898.0,1,5,668.63,5,4,4,544,Champions
15899.0,369,1,43.5,1,2,1,121,Churned
15900.0,24,1,341.75,4,2,3,423,Regular
15901.0,17,3,286.62,4,4,2,442,Regular
15903.0,26,2,40.440000000000005,4,3,1,431,Regular
15904.0,8,1,144.73,5,2,2,522,Regular
15906.0,20,7,1170.99,4,5,5,455,Champions
15907.0,4,3,912.19,5,4,4,544,Champions
15909.0,174,1,69.53999999999999,2,2,1,221,Churned
15910.0,1,8,1164.49,5,5,5,555,Champions
15912.0,178,2,214.17000000000002,2,3,2,232,Regular
15916.0,16,7,1029.08,4,5,4,454,Champions
15917.0,248,1,60.550000000000004,1,2,1,121,Churned
15918.0,191,2,334.23,1,3,3,133,Regular
15919.0,20,2,492.39,4,3,3,433,Regular
15920.0,154,4,158.55,2,4,2,242,Regular
15921.0,173,1,150.68,2,2,2,222,Churned
15922.0,373,1,182.9,1,2,2,122,Churned
15923.0,373,1,86.25,1,2,1,121,Churned
15925.0,194,1,168.9,1,2,2,122,Churned
15930.0,67,1,426.63,3,2,3,323,Regular
15932.0,4,8,813.25,5,5,4,554,Champions
15933.0,21,3,930.89,4,4,4,444,Champions
15935.0,239,1,91.04,1,2,1,121,Churned
15937.0,64,1,145.35,3,2,2,322,Regular
15938.0,112,4,177.58,2,4,2,242,Regular
15939.0,90,7,122.99999999999999,2,5,1,251,Regular
15942.0,134,1,150.9,2,2,2,222,Churned
15944.0,277,1,68.9,1,2,1,121,Churned
15945.0,365,1,13.6,1,2,1,121,Churned
15947.0,83,1,194.24,2,2,2,222,Churned
15948.0,8,2,879.34,5,3,4,534,Regular
15949.0,17,2,280.0,4,3,2,432,Regular
15950.0,32,4,1230.68,4,4,5,445,Champions
15951.0,9,2,599.17,5,3,4,534,Regular
15952.0,34,4,644.12,3,4,4,344,Regular
15953.0,15,8,690.82,5,5,4,554,Champions
15955.0,24,14,2643.08,4,5,5,455,Champions
15957.0,32,1,318.64,4,2,3,423,Regular
15958.0,74,1,60.9,2,2,1,221,Churned
15963.0,20,2,381.26,4,3,3,433,Regular
15965.0,17,4,754.52,4,4,4,444,Champions
15967.0,23,2,389.33,4,3,3,433,Regular
15969.0,3,3,304.5,5,4,3,543,Regular
15970.0,304,1,114.9,1,2,1,121,Churned
15971.0,67,6,148.25,3,5,2,352,Regular
15973.0,367,1,34.4,1,2,1,121,Churned
15974.0,39,7,2244.75,3,5,5,355,Regular
15975.0,84,1,352.29,2,2,3,223,Churned
15976.0,165,2,394.98,2,3,3,233,Regular
15977.0,17,2,367.76,4,3,3,433,Regular
15978.0,77,1,508.18,2,2,3,223,Churned
15980.0,254,1,227.88,1,2,2,122,Churned
15981.0,25,6,1117.68,4,5,4,454,Champions
15983.0,22,4,753.73,4,4,4,444,Champions
15984.0,3,9,1621.93,5,5,5,555,Champions
15985.0,123,2,253.58,2,3,2,232,Regular
15986.0,30,1,112.19999999999999,4,2,1,421,Regular
15987.0,12,5,514.84,5,4,3,543,Regular
15988.0,19,1,113.38,4,2,1,421,Regular
15990.0,44,2,514.8100000000001,3,3,3,333,Regular
15992.0,4,1,27.04,5,2,1,521,Regular
15993.0,9,7,2271.58,5,5,5,555,Champions
15994.0,55,1,257.65,3,2,2,322,Regular
15996.0,88,6,929.58,2,5,4,254,Regular
15998.0,37,5,2708.46,3,4,5,345,Regular
16003.0,30,5,1197.89,4,4,5,445,Champions
16005.0,12,4,578.49,5,4,4,544,Champions
16006.0,211,1,94.44,1,2,1,121,Churned
16007.0,48,4,1530.02,3,4,5,345,Regular
16008.0,24,3,397.9,4,4,3,443,Regular
16009.0,44,2,569.7,3,3,4,334,Regular
16010.0,246,3,407.5,1,4,3,143,Regular
16011.0,8,16,2522.2,5,5,5,555,Champions
16012.0,35,3,685.64,3,4,4,344,Regular
16013.0,8,6,829.1,5,5,4,554,Champions
16014.0,38,3,610.48,3,4,4,344,Regular
16015.0,4,3,584.1899999999999,5,4,4,544,Champions
16016.0,3,8,1362.01,5,5,5,555,Champions
16017.0,47,1,172.03,3,2,2,322,Regular
16018.0,39,2,207.54,3,3,2,332,Regular
16019.0,47,9,1774.46,3,5,5,355,Regular
16020.0,17,3,675.09,4,4,4,444,Champions
16022.0,260,1,514.88,1,2,3,123,Churned
16023.0,46,3,530.71,3,4,4,344,Regular
16024.0,12,1,209.48,5,2,2,522,Regular
16025.0,30,1,371.98,4,2,3,423,Regular
16026.0,43,1,220.49,3,2,2,322,Regular
16027.0,137,3,80.65,2,4,1,241,Regular
16029.0,81,6,244.8,2,5,2,252,Regular
16030.0,310,1,255.7,1,2,2,122,Churned
16031.0,92,2,386.58,2,3,3,233,Regular
16033.0,6,20,7057.650000000001,5,5,5,555,Champions
16034.0,196,3,290.1,1,4,3,143,Regular
16036.0,87,2,511.39,2,3,3,233,Regular
16037.0,270,3,602.4,1,4,4,144,Regular
16038.0,8,3,370.78000000000003,5,4,3,543,Regular
16040.0,65,3,816.2,3,4,4,344,Regular
16042.0,22,5,969.66,4,4,4,444,Champions
16043.0,38,4,459.84000000000003,3,4,3,343,Regular
16045.0,120,4,846.24,2,4,4,244,Regular
16048.0,373,2,54.839999999999996,1,3,1,131,Regular
16049.0,40,3,963.29,3,4,4,344,Regular
16050.0,174,1,90.5,2,2,1,221,Churned
16052.0,54,1,232.98,3,2,2,322,Regular
16053.0,33,2,1032.04,4,3,4,434,Regular
16054.0,145,1,568.9,2,2,4,224,Churned
16055.0,221,1,93.9,1,2,1,121,Churned
16056.0,45,1,488.17,3,2,3,323,Regular
16057.0,16,7,1890.67,4,5,5,455,Champions
16059.0,66,6,1342.01,3,5,5,355,Regular
16062.0,10,4,466.64,5,4,3,543,Regular
16063.0,260,1,274.6,1,2,2,122,Churned
16065.0,365,1,322.79,1,2,3,123,Churned
16066.0,17,5,794.73,4,4,4,444,Champions
16070.0,22,2,373.23,4,3,3,433,Regular
16071.0,45,1,299.29,3,2,3,323,Regular
16072.0,288,1,93.6,1,2,1,121,Churned
16076.0,3,9,1476.73,5,5,5,555,Champions
16079.0,17,3,93.24,4,4,1,441,Regular
16080.0,82,2,135.0,2,3,1,231,Regular
16081.0,56,5,1966.69,3,4,5,345,Regular
16083.0,101,2,188.3,2,3,2,232,Regular
16084.0,299,1,367.58,1,2,3,123,Churned
16085.0,23,5,860.35,4,4,4,444,Champions
16086.0,59,5,447.28000000000003,3,4,3,343,Regular
16091.0,155,2,315.06,2,3,3,233,Regular
16092.0,115,3,603.28,2,4,4,244,Regular
16093.0,107,1,17.0,2,2,1,221,Churned
16094.0,12,4,659.47,5,4,4,544,Champions
16096.0,264,1,76.5,1,2,1,121,Churned
16097.0,240,1,80.4,1,2,1,121,Churned
16098.0,88,7,684.57,2,5,4,254,Regular
16099.0,50,3,575.9,3,4,4,344,Regular
16101.0,71,1,1156.4,3,2,5,325,Regular
16102.0,42,3,632.14,3,4,4,344,Regular
16103.0,7,6,576.8000000000001,5,5,4,554,Champions
16104.0,62,1,251.51,3,2,2,322,Regular
16105.0,249,1,103.2,1,2,1,121,Churned
16106.0,66,1,108.38,3,2,1,321,Regular
16107.0,29,4,195.3,4,4,2,442,Regular
16108.0,85,1,736.52,2,2,4,224,Churned
16109.0,219,1,100.08,1,2,1,121,Churned
16110.0,45,3,1226.63,3,4,5,345,Regular
16112.0,143,2,62.06,2,3,1,231,Regular
16113.0,183,1,110.15,2,2,1,221,Churned
16114.0,171,1,135.75000000000003,2,2,2,222,Churned
16115.0,10,8,1473.57,5,5,5,555,Champions
16116.0,212,1,447.28,1,2,3,123,Churned
16117.0,190,1,195.31,1,2,2,122,Churned
16119.0,8,2,247.08000000000004,5,3,2,532,Regular
16120.0,59,2,152.5,3,3,2,332,Regular
16121.0,57,2,803.86,3,3,4,334,Regular
16122.0,113,3,299.46,2,4,3,243,Regular
16123.0,52,1,217.8,3,2,2,322,Regular
16124.0,317,1,113.4,1,2,1,121,Churned
16125.0,367,1,233.85000000000002,1,2,2,122,Churned
16126.0,29,4,799.03,4,4,4,444,Champions
16127.0,39,1,569.61,3,2,4,324,Regular
16128.0,18,5,1312.03,4,4,5,445,Champions
16131.0,52,3,160.28,3,4,2,342,Regular
16133.0,4,29,2607.14,5,5,5,555,Champions
16134.0,22,2,597.09,4,3,4,434,Regular
16135.0,263,1,303.2,1,2,3,123,Churned
16136.0,60,3,464.90000000000003,3,4,3,343,Regular
16139.0,19,3,475.09000000000003,4,4,3,443,Regular
16140.0,66,2,389.58,3,3,3,333,Regular
16141.0,88,1,477.74,2,2,3,223,Churned
16142.0,250,1,344.88,1,2,3,123,Churned
16143.0,3,6,1887.77,5,5,5,555,Champions
16145.0,9,11,2698.11,5,5,5,555,Champions
16146.0,204,2,366.33,1,3,3,133,Regular
16147.0,134,1,225.08,2,2,2,222,Churned
16149.0,5,2,201.8,5,3,2,532,Regular
16150.0,43,5,1635.18,3,4,5,345,Regular
16153.0,50,5,1253.83,3,4,5,345,Regular
16156.0,9,9,2095.4900000000002,5,5,5,555,Champions
16157.0,16,3,274.55,4,4,2,442,Regular
16159.0,282,1,102.8,1,2,1,121,Churned
16161.0,2,19,4475.45,5,5,5,555,Champions
16162.0,252,1,11.9,1,2,1,121,Churned
16163.0,365,1,50.1,1,2,1,121,Churned
16164.0,17,3,468.84000000000003,4,4,3,443,Regular
16168.0,11,20,1395.69,5,5,5,555,Champions
16169.0,8,4,1116.42,5,4,4,544,Champions
16170.0,51,6,1462.74,3,5,5,355,Regular
16171.0,59,1,73.2,3,2,1,321,Regular
16172.0,95,5,879.39,2,4,4,244,Regular
16173.0,16,6,1172.01,4,5,5,455,Champions
16174.0,126,2,213.4,2,3,2,232,Regular
16175.0,94,4,796.89,2,4,4,244,Regular
16177.0,50,1,210.75,3,2,2,322,Regular
16178.0,138,1,120.1,2,2,1,221,Churned
16179.0,61,1,126.52000000000001,3,2,1,321,Regular
16180.0,100,8,1662.83,2,5,5,255,Regular
16181.0,73,1,153.86,2,2,2,222,Churned
16182.0,72,1,72.8,3,2,1,321,Regular
16183.0,67,1,255.31,3,2,2,322,Regular
16184.0,64,5,615.0600000000001,3,4,4,344,Regular
16185.0,17,2,475.96,4,3,3,433,Regular
16186.0,23,12,2866.1,4,5,5,455,Champions
16187.0,32,15,3032.05,4,5,5,455,Champions
16188.0,45,4,818.17,3,4,4,344,Regular
16189.0,16,2,125.57999999999998,4,3,1,431,Regular
16190.0,40,1,94.99000000000001,3,2,1,321,Regular
16191.0,3,10,1034.44,5,5,4,554,Champions
16193.0,237,1,280.63,1,2,2,122,Churned
16198.0,75,1,319.281,2,2,3,223,Churned
16200.0,4,2,978.87,5,3,4,534,Regular
16201.0,3,4,1655.2,5,4,5,545,Champions
16202.0,361,1,218.3,1,2,2,122,Churned
16203.0,59,4,592.9,3,4,4,344,Regular
16204.0,23,1,375.71,4,2,3,423,Regular
16205.0,37,3,488.88,3,4,3,343,Regular
16206.0,55,4,417.81,3,4,3,343,Regular
16207.0,25,1,198.18,4,2,2,422,Regular
16208.0,45,2,467.76,3,3,3,333,Regular
16209.0,89,4,559.0,2,4,4,244,Regular
16210.0,2,13,977.24,5,5,4,554,Champions
16211.0,89,1,289.62,2,2,3,223,Churned
16212.0,19,2,602.49,4,3,4,434,Regular
16213.0,79,1,82.5,2,2,1,221,Churned
16214.0,171,3,636.23,2,4,4,244,Regular
16215.0,81,1,219.9,2,2,2,222,Churned
16216.0,267,1,466.2,1,2,3,123,Churned
16217.0,235,2,238.85000000000002,1,3,2,132,Regular
16218.0,30,5,887.66,4,4,4,444,Champions
16221.0,37,3,625.73,3,4,4,344,Regular
16222.0,318,1,709.72,1,2,4,124,Churned
16224.0,57,4,1013.39,3,4,4,344,Regular
16225.0,45,5,988.77,3,4,4,344,Regular
16226.0,203,2,50.400000000000006,1,3,1,131,Regular
16227.0,225,1,44.1,1,2,1,121,Churned
16229.0,87,2,672.1,2,3,4,234,Regular
16230.0,190,2,466.13,1,3,3,133,Regular
16232.0,44,4,411.67,3,4,3,343,Regular
16233.0,71,2,389.28000000000003,3,3,3,333,Regular
16235.0,41,4,656.25,3,4,4,344,Regular
16236.0,78,1,382.40000000000003,2,2,3,223,Churned
16239.0,57,2,263.6,3,3,2,332,Regular
16240.0,24,2,1650.17,4,3,5,435,Regular
16241.0,10,13,2404.4,5,5,5,555,Champions
16242.0,8,7,3088.63,5,5,5,555,Champions
16243.0,34,2,243.3,3,3,2,332,Regular
16244.0,212,2,1369.15,1,3,5,135,Regular
16245.0,24,3,1115.94,4,4,4,444,Champions
16247.0,170,1,49.32,2,2,1,221,Churned
16248.0,62,1,152.94,3,2,2,322,Regular
16249.0,53,5,709.99,3,4,4,344,Regular
16250.0,261,2,353.44,1,3,3,133,Regular
16253.0,67,2,577.96,3,3,4,334,Regular
16255.0,17,8,2030.78,4,5,5,455,Champions
16256.0,267,1,32.550000000000004,1,2,1,121,Churned
16258.0,45,4,1436.55,3,4,5,345,Regular
16260.0,51,1,175.75,3,2,2,322,Regular
16261.0,17,4,639.23,4,4,4,444,Champions
16265.0,9,9,3431.36,5,5,5,555,Champions
16266.0,74,7,526.04,2,5,3,253,Regular
16268.0,71,2,426.44,3,3,3,333,Regular
16270.0,353,1,504.79,1,2,3,123,Churned
16271.0,16,4,1163.52,4,4,5,445,Champions
16272.0,117,1,411.7,2,2,3,223,Churned
16274.0,373,1,217.55,1,2,2,122,Churned
16275.0,197,1,382.54,1,2,3,123,Churned
16276.0,177,1,15.0,2,2,1,221,Churned
16278.0,100,1,242.83,2,2,2,222,Churned
16279.0,21,3,1195.6200000000001,4,4,5,445,Champions
16281.0,72,1,82.5,3,2,1,321,Regular
16282.0,340,1,122.1,1,2,1,121,Churned
16283.0,6,5,1314.81,5,4,5,545,Champions
16284.0,31,2,718.03,4,3,4,434,Regular
16287.0,170,1,109.62,2,2,1,221,Churned
16292.0,122,1,209.14999999999998,2,2,2,222,Churned
16293.0,22,10,1638.22,4,5,5,455,Champions
16295.0,10,4,922.92,5,4,4,544,Champions
16297.0,269,1,241.34,1,2,2,122,Churned
16298.0,23,3,385.2,4,4,3,443,Regular
16302.0,127,1,119.1,2,2,1,221,Churned
16303.0,26,3,2517.92,4,4,5,445,Champions
16305.0,139,1,347.3,2,2,3,223,Churned
16306.0,214,6,491.99,1,5,3,153,Regular
16309.0,106,2,431.09,2,3,3,233,Regular
16311.0,18,2,574.71,4,3,4,434,Regular
16313.0,3,2,220.07,5,3,2,532,Regular
16315.0,331,1,155.52,1,2,2,122,Churned
16316.0,64,7,1689.54,3,5,5,355,Regular
16317.0,120,3,820.25,2,4,4,244,Regular
16318.0,35,1,265.15000000000003,3,2,2,322,Regular
16320.0,172,2,692.24,2,3,4,234,Regular
16321.0,72,5,161.40000000000003,3,4,2,342,Regular
16322.0,1,2,302.29,5,3,3,533,Regular
16324.0,128,3,380.62,2,4,3,243,Regular
16325.0,47,3,285.34000000000003,3,4,2,342,Regular
16326.0,6,14,2734.76,5,5,5,555,Champions
16327.0,14,6,2818.35,5,5,5,555,Champions
16330.0,18,3,130.91,4,4,1,441,Regular
16332.0,28,7,1298.3600000000001,4,5,5,455,Champions
16337.0,37,1,133.15,3,2,1,321,Regular
16338.0,157,1,89.75,2,2,1,221,Churned
16339.0,284,1,109.95,1,2,1,121,Churned
16340.0,107,1,440.12,2,2,3,223,Churned
16341.0,25,4,742.61,4,4,4,444,Champions
16342.0,75,4,168.26,2,4,2,242,Regular
16343.0,16,2,310.78,4,3,3,433,Regular
16344.0,158,1,35.7,2,2,1,221,Churned
16345.0,44,1,410.09000000000003,3,2,3,323,Regular
16347.0,11,2,663.4300000000001,5,3,4,534,Regular
16348.0,32,7,1053.39,4,5,4,454,Champions
16349.0,291,1,12.65,1,2,1,121,Churned
16350.0,21,4,917.1,4,4,4,444,Champions
16351.0,333,1,133.5,1,2,1,121,Churned
16352.0,18,2,464.44,4,3,3,433,Regular
16353.0,18,9,805.74,4,5,4,454,Champions
16354.0,63,2,377.90000000000003,3,3,3,333,Regular
16356.0,198,3,211.77,1,4,2,142,Regular
16357.0,33,3,480.96000000000004,4,4,3,443,Regular
16358.0,1,4,1376.8600000000001,5,4,5,545,Champions
16359.0,7,8,345.36,5,5,3,553,Regular
16360.0,5,6,3078.5,5,5,5,555,Champions
16361.0,10,4,701.51,5,4,4,544,Champions
16362.0,32,5,602.8100000000001,4,4,4,444,Champions
16363.0,53,1,75.36,3,2,1,321,Regular
16364.0,12,2,516.5600000000001,5,3,3,533,Regular
16365.0,18,7,188.01,4,5,2,452,Regular
16366.0,19,1,188.9,4,2,2,422,Regular
16367.0,37,2,720.47,3,3,4,334,Regular
16368.0,2,2,345.74,5,3,3,533,Regular
16369.0,18,3,999.14,4,4,4,444,Champions
16370.0,82,4,1045.06,2,4,4,244,Regular
16372.0,33,2,316.38,4,3,3,433,Regular
16374.0,66,2,410.53000000000003,3,3,3,333,Regular
16376.0,9,2,682.79,5,3,4,534,Regular
16378.0,247,3,278.65,1,4,2,142,Regular
16379.0,4,4,1598.3600000000001,5,4,5,545,Champions
16380.0,61,1,60.95,3,2,1,321,Regular
16383.0,75,2,560.74,2,3,4,234,Regular
16384.0,90,2,456.3,2,3,3,233,Regular
16385.0,60,3,444.84000000000003,3,4,3,343,Regular
16386.0,29,2,295.95,4,3,3,433,Regular
16387.0,323,1,53.8,1,2,1,121,Churned
16389.0,53,4,297.53000000000003,3,4,3,343,Regular
16392.0,270,1,188.59,1,2,2,122,Churned
16393.0,2,13,2711.94,5,5,5,555,Champions
16394.0,57,5,552.2,3,4,4,344,Regular
16395.0,61,5,1076.97,3,4,4,344,Regular
16398.0,154,2,982.5500000000001,2,3,4,234,Regular
16399.0,19,2,334.2,4,3,3,433,Regular
16400.0,95,1,243.78,2,2,2,222,Churned
16401.0,1,11,2045.0,5,5,5,555,Champions
16402.0,265,2,214.75,1,3,2,132,Regular
16403.0,312,1,177.5,1,2,2,122,Churned
16404.0,70,1,297.35,3,2,3,323,Regular
16405.0,310,1,6.85,1,2,1,121,Churned
16406.0,19,1,163.07,4,2,2,422,Regular
16407.0,13,9,1582.28,5,5,5,555,Champions
16409.0,36,5,1811.83,3,4,5,345,Regular
16411.0,19,2,214.65,4,3,2,432,Regular
16412.0,54,1,151.83,3,2,2,322,Regular
16413.0,57,1,247.25,3,2,2,322,Regular
16414.0,22,2,96.4,4,3,1,431,Regular
16415.0,44,1,131.7,3,2,1,321,Regular
16416.0,27,3,543.29,4,4,4,444,Champions
16418.0,45,3,531.57,3,4,4,344,Regular
16419.0,113,6,452.9,2,5,3,253,Regular
16422.0,17,31,1233.75,4,5,5,455,Champions
16423.0,25,1,225.28,4,2,2,422,Regular
16424.0,191,1,32.4,1,2,1,121,Churned
16425.0,302,1,210.8,1,2,2,122,Churned
16426.0,2,10,1583.7,5,5,5,555,Champions
16427.0,263,2,82.96,1,3,1,131,Regular
16429.0,106,1,4.95,2,2,1,221,Churned
16430.0,57,1,71.35,3,2,1,321,Regular
16431.0,213,3,494.25,1,4,3,143,Regular
16432.0,64,1,123.48,3,2,1,321,Regular
16433.0,28,1,120.66,4,2,1,421,Regular
16434.0,29,7,1090.1100000000001,4,5,4,454,Champions
16438.0,6,5,748.6,5,4,4,544,Champions
16440.0,8,5,2682.57,5,4,5,545,Champions
16441.0,67,2,328.75,3,3,3,333,Regular
16442.0,2,3,488.44,5,4,3,543,Regular
16444.0,46,4,460.47,3,4,3,343,Regular
16445.0,34,1,208.06,3,2,2,322,Regular
16446.0,206,1,2.9,1,2,1,121,Churned
16447.0,136,1,125.06,2,2,1,221,Churned
16448.0,198,1,163.39000000000001,1,2,2,122,Churned
16449.0,198,2,527.54,1,3,4,134,Regular
16450.0,150,1,100.0,2,2,1,221,Churned
16451.0,88,1,217.17000000000002,2,2,2,222,Churned
16454.0,45,2,6.9,3,3,1,331,Regular
16455.0,64,7,1661.18,3,5,5,355,Regular
16456.0,99,5,552.45,2,4,4,244,Regular
16457.0,218,1,161.56,1,2,2,122,Churned
16458.0,3,18,2996.7400000000002,5,5,5,555,Champions
16460.0,28,3,603.55,4,4,4,444,Champions
16461.0,178,1,76.67,2,2,1,221,Churned
16463.0,21,4,1205.3,4,4,5,445,Champions
16464.0,20,3,1121.96,4,4,4,444,Champions
16466.0,34,7,1276.57,3,5,5,355,Regular
16469.0,24,4,604.73,4,4,4,444,Champions
16470.0,52,4,706.62,3,4,4,344,Regular
16471.0,275,1,183.15,1,2,2,122,Churned
16473.0,165,3,238.1,2,4,2,242,Regular
16474.0,7,7,1672.29,5,5,5,555,Champions
16475.0,144,3,397.3,2,4,3,243,Regular
16477.0,64,7,2386.7000000000003,3,5,5,355,Regular
16478.0,25,3,241.0,4,4,2,442,Regular
16479.0,10,2,271.33,5,3,2,532,Regular
16480.0,76,1,367.07,2,2,3,223,Churned
16482.0,16,1,139.5,4,2,2,422,Regular
16483.0,192,1,95.7,1,2,1,121,Churned
16484.0,174,2,376.8,2,3,3,233,Regular
16485.0,77,1,290.69,2,2,3,223,Churned
16488.0,33,3,254.66,4,4,2,442,Regular
16491.0,47,1,532.34,3,2,4,324,Regular
16493.0,80,4,537.1800000000001,2,4,4,244,Regular
16494.0,297,1,410.63,1,2,3,123,Churned
16495.0,3,2,458.21,5,3,3,533,Regular
16496.0,9,3,1210.01,5,4,5,545,Champions
16497.0,50,6,1703.23,3,5,5,355,Regular
16498.0,161,2,100.97,2,3,1,231,Regular
16499.0,360,2,294.55,1,3,3,133,Regular
16500.0,5,4,185.94000000000003,5,4,2,542,Regular
16503.0,107,4,1240.2,2,4,5,245,Regular
16504.0,25,1,426.21,4,2,3,423,Regular
16506.0,20,2,90.30000000000001,4,3,1,431,Regular
16509.0,297,1,169.50000000000003,1,2,2,122,Churned
16510.0,372,1,148.55,1,2,2,122,Churned
16511.0,22,3,772.61,4,4,4,444,Champions
16513.0,19,1,459.66,4,2,3,423,Regular
16515.0,52,5,1085.72,3,4,4,344,Regular
16516.0,30,1,101.69999999999999,4,2,1,421,Regular
16517.0,277,1,162.7,1,2,2,122,Churned
16518.0,61,2,394.82,3,3,3,333,Regular
16519.0,25,2,74.38,4,3,1,431,Regular
16520.0,186,3,923.6700000000001,1,4,4,144,Regular
16523.0,2,18,3071.24,5,5,5,555,Champions
16525.0,2,16,603.85,5,5,4,554,Champions
16526.0,172,1,145.86,2,2,2,222,Churned
16527.0,81,1,223.5,2,2,2,222,Churned
16528.0,4,1,175.02,5,2,2,522,Regular
16529.0,190,1,411.0,1,2,3,123,Churned
16531.0,22,7,973.16,4,5,4,454,Champions
16533.0,19,3,875.82,4,4,4,444,Champions
16535.0,5,1,315.33,5,2,3,523,Regular
16536.0,110,1,328.37,2,2,3,223,Churned
16539.0,3,4,469.91,5,4,3,543,Regular
16542.0,54,1,66.52,3,2,1,321,Regular
16545.0,165,1,25.200000000000003,2,2,1,221,Churned
16546.0,291,2,154.25,1,3,2,132,Regular
16549.0,10,10,3899.84,5,5,5,555,Champions
16550.0,109,5,1850.08,2,4,5,245,Regular
16551.0,96,3,255.02,2,4,2,242,Regular
16552.0,243,2,173.59,1,3,2,132,Regular
16553.0,205,4,318.8,1,4,3,143,Regular
16554.0,42,3,712.14,3,4,4,344,Regular
16555.0,35,2,255.65,3,3,2,332,Regular
16556.0,67,7,2453.52,3,5,5,355,Regular
16557.0,24,2,52.300000000000004,4,3,1,431,Regular
16558.0,1,20,5621.7300000000005,5,5,5,555,Champions
16560.0,27,2,519.16,4,3,3,433,Regular
16561.0,6,2,494.12,5,3,3,533,Regular
16563.0,54,1,175.7,3,2,2,322,Regular
16565.0,364,1,35.7,1,2,1,121,Churned
16566.0,15,5,156.9,5,4,2,542,Regular
16567.0,194,2,421.0,1,3,3,133,Regular
16570.0,15,9,1470.44,5,5,5,555,Champions
16571.0,27,3,1101.89,4,4,4,444,Champions
16572.0,127,3,845.59,2,4,4,244,Regular
16573.0,85,2,507.96000000000004,2,3,3,233,Regular
16574.0,71,1,330.24,3,2,3,323,Regular
16581.0,183,1,80.28,2,2,1,221,Churned
16582.0,113,1,29.099999999999998,2,2,1,221,Churned
16583.0,374,1,233.45,1,2,2,122,Churned
16584.0,80,2,380.18,2,3,3,233,Regular
16586.0,249,1,48.75,1,2,1,121,Churned
16587.0,232,1,127.85000000000001,1,2,1,121,Churned
16589.0,71,3,418.44,3,4,3,343,Regular
16591.0,69,1,107.30000000000001,3,2,1,321,Regular
16592.0,4,15,2747.27,5,5,5,555,Champions
16593.0,51,2,183.98000000000002,3,3,2,332,Regular
16594.0,75,1,139.94,2,2,2,222,Churned
16595.0,61,1,299.21,3,2,3,323,Regular
16596.0,16,2,155.15,4,3,2,432,Regular
16597.0,4,1,44.24,5,2,1,521,Regular
16598.0,286,1,145.04999999999998,1,2,2,122,Churned
16600.0,4,6,486.24,5,5,3,553,Regular
16601.0,41,1,163.01,3,2,2,322,Regular
16602.0,36,1,418.25,3,2,3,323,Regular
16603.0,75,2,430.45,2,3,3,233,Regular
16607.0,18,12,1626.29,4,5,5,455,Champions
16609.0,15,7,4280.95,5,5,5,555,Champions
16610.0,219,1,75.66,1,2,1,121,Churned
16611.0,186,1,129.49,1,2,1,121,Churned
16612.0,33,4,1116.76,4,4,4,444,Champions
16613.0,70,1,543.95,3,2,4,324,Regular
16614.0,183,1,350.79,2,2,3,223,Churned
16616.0,15,2,349.84,5,3,3,533,Regular
16617.0,236,1,26.0,1,2,1,121,Churned
16618.0,31,4,913.16,4,4,4,444,Champions
16619.0,264,1,216.13,1,2,2,122,Churned
16620.0,4,2,138.0,5,3,2,532,Regular
16621.0,52,4,282.71000000000004,3,4,2,342,Regular
16623.0,246,1,64.05000000000001,1,2,1,121,Churned
16624.0,81,2,269.69,2,3,2,232,Regular
16625.0,275,1,333.08,1,2,3,123,Churned
16626.0,1,16,1914.66,5,5,5,555,Champions
16627.0,79,1,132.38,2,2,1,221,Churned
16628.0,30,5,1744.5900000000001,4,4,5,445,Champions
16629.0,74,2,263.65,2,3,2,232,Regular
16633.0,17,6,2098.85,4,5,5,455,Champions
16634.0,372,1,89.4,1,2,1,121,Churned
16637.0,32,4,776.26,4,4,4,444,Champions
16638.0,23,9,838.57,4,5,4,454,Champions
16639.0,31,3,779.61,4,4,4,444,Champions
16641.0,106,1,123.38,2,2,1,221,Churned
16642.0,5,2,371.53000000000003,5,3,3,533,Regular
16643.0,246,1,374.19,1,2,3,123,Churned
16644.0,178,2,657.52,2,3,4,234,Regular
16647.0,170,2,174.22,2,3,2,232,Regular
16648.0,43,1,246.67999999999998,3,2,2,322,Regular
16650.0,72,1,218.94,3,2,2,322,Regular
16652.0,59,5,825.05,3,4,4,344,Regular
16653.0,16,2,837.03,4,3,4,434,Regular
16654.0,141,4,359.25,2,4,3,243,Regular
16655.0,18,6,2201.2400000000002,4,5,5,455,Champions
16656.0,151,6,144.6,2,5,2,252,Regular
16657.0,10,4,705.97,5,4,4,544,Champions
16658.0,368,1,53.94,1,2,1,121,Churned
16660.0,16,2,142.85,4,3,2,432,Regular
16665.0,362,1,39.25,1,2,1,121,Churned
16666.0,19,1,76.98,4,2,1,421,Regular
16667.0,68,2,480.88,3,3,3,333,Regular
16668.0,15,6,177.0,5,5,2,552,Regular
16669.0,24,3,1152.57,4,4,5,445,Champions
16670.0,30,10,3352.48,4,5,5,455,Champions
16672.0,2,9,509.1,5,5,3,553,Regular
16674.0,55,2,309.21,3,3,3,333,Regular
16676.0,34,4,1022.7,3,4,4,344,Regular
16678.0,3,11,1720.41,5,5,5,555,Champions
16679.0,366,1,15.0,1,2,1,121,Churned
16680.0,43,1,149.7,3,2,2,322,Regular
16681.0,78,4,275.2,2,4,2,242,Regular
16682.0,5,4,174.06,5,4,2,542,Regular
16685.0,61,2,255.36,3,3,2,332,Regular
16686.0,47,7,2262.62,3,5,5,355,Regular
16688.0,1,4,727.16,5,4,4,544,Champions
16689.0,82,1,103.20000000000002,2,2,1,221,Churned
16690.0,72,2,126.43,3,3,1,331,Regular
16693.0,69,2,359.05,3,3,3,333,Regular
16696.0,214,2,88.50000000000001,1,3,1,131,Regular
16697.0,241,1,91.5,1,2,1,121,Churned
16700.0,9,13,3937.4900000000002,5,5,5,555,Champions
16701.0,9,10,537.69,5,5,4,554,Champions
16705.0,1,17,2316.85,5,5,5,555,Champions
16706.0,37,3,398.1,3,4,3,343,Regular
16708.0,46,1,383.83,3,2,3,323,Regular
16709.0,85,4,903.6700000000001,2,4,4,244,Regular
16710.0,19,10,2013.44,4,5,5,455,Champions
16711.0,27,1,34.68,4,2,1,421,Regular
16712.0,18,10,2824.57,4,5,5,455,Champions
16713.0,19,15,4046.58,4,5,5,455,Champions
16714.0,317,1,748.7,1,2,4,124,Churned
16715.0,78,1,42.760000000000005,2,2,1,221,Churned
16717.0,24,6,2898.92,4,5,5,455,Champions
16718.0,369,1,464.83,1,2,3,123,Churned
16719.0,15,7,1048.91,5,5,4,554,Champions
16720.0,26,1,130.82,4,2,1,421,Regular
16721.0,262,1,262.47,1,2,2,122,Churned
16722.0,51,12,2004.21,3,5,5,355,Regular
16723.0,108,1,210.14,2,2,2,222,Churned
16725.0,302,7,620.38,1,5,4,154,Regular
16726.0,26,5,1216.33,4,4,5,445,Champions
16727.0,364,1,272.82,1,2,2,122,Churned
16728.0,46,4,824.38,3,4,4,344,Regular
16729.0,38,21,5254.74,3,5,5,355,Regular
16730.0,52,3,447.03,3,4,3,343,Regular
16732.0,32,1,391.29,4,2,3,423,Regular
16734.0,52,3,427.87,3,4,3,343,Regular
16735.0,79,5,1312.8,2,4,5,245,Regular
16738.0,298,1,3.75,1,2,1,121,Churned
16739.0,177,1,142.2,2,2,2,222,Churned
16743.0,29,7,1578.25,4,5,5,455,Champions
16744.0,11,7,988.16,5,5,4,554,Champions
16745.0,87,16,3049.38,2,5,5,255,Regular
16746.0,5,18,4842.55,5,5,5,555,Champions
16747.0,38,2,528.21,3,3,4,334,Regular
16748.0,18,5,985.3,4,4,4,444,Champions
16750.0,45,5,437.98,3,5,3,353,Regular
16751.0,31,1,143.6,4,2,2,422,Regular
16752.0,373,1,93.6,1,2,1,121,Churned
16753.0,58,1,108.34,3,2,1,321,Regular
16755.0,114,3,1111.88,2,4,4,244,Regular
16756.0,215,1,203.82,1,2,2,122,Churned
16757.0,319,1,106.83000000000001,1,2,1,121,Churned
16758.0,65,1,133.46,3,2,1,321,Regular
16759.0,8,2,479.12,5,3,3,533,Regular
16761.0,97,1,95.4,2,2,1,221,Churned
16762.0,20,3,1205.58,4,4,5,445,Champions
16763.0,199,1,162.65,1,2,2,122,Churned
16764.0,4,13,2636.1,5,5,5,555,Champions
16766.0,273,2,303.8,1,3,3,133,Regular
16767.0,31,10,2310.05,4,5,5,455,Champions
16768.0,48,3,255.49,3,4,2,342,Regular
16769.0,260,1,256.84000000000003,1,2,2,122,Churned
16770.0,58,5,699.8000000000001,3,5,4,354,Regular
16771.0,33,5,1820.3600000000001,4,5,5,455,Champions
16773.0,57,1,114.84,3,2,1,321,Regular
16774.0,68,4,520.82,3,4,3,343,Regular
16775.0,10,11,1159.31,5,5,5,555,Champions
16776.0,60,1,328.33,3,2,3,323,Regular
16777.0,80,2,193.70000000000002,2,3,2,232,Regular
16778.0,74,2,179.26,2,3,2,232,Regular
16779.0,2,22,3457.06,5,5,5,555,Champions
16780.0,100,2,359.74,2,3,3,233,Regular
16781.0,372,1,266.3,1,2,2,122,Churned
16782.0,10,13,1818.8,5,5,5,555,Champions
16784.0,20,1,60.0,4,2,1,421,Regular
16788.0,123,2,558.03,2,3,4,234,Regular
16789.0,8,1,80.8,5,2,1,521,Regular
16790.0,4,6,1395.5,5,5,5,555,Champions
16791.0,29,7,1478.63,4,5,5,455,Champions
16792.0,282,1,87.68,1,2,1,121,Churned
16793.0,57,1,213.64,3,2,2,322,Regular
16794.0,1,10,1125.5,5,5,5,555,Champions
16795.0,365,1,392.18,1,2,3,123,Churned
16796.0,89,1,256.12,2,2,2,222,Churned
16800.0,11,1,908.1700000000001,5,2,4,524,Regular
16801.0,163,4,888.35,2,4,4,244,Regular
16803.0,65,1,300.8,3,2,3,323,Regular
16804.0,23,2,438.88,4,3,3,433,Regular
16805.0,174,2,392.07,2,3,3,233,Regular
16806.0,103,4,607.9399999999999,2,4,4,244,Regular
16807.0,143,3,966.43,2,4,4,244,Regular
16808.0,99,2,161.77,2,3,2,232,Regular
16809.0,23,5,914.69,4,5,4,454,Champions
16810.0,192,1,230.24,1,2,2,122,Churned
16811.0,5,2,457.27,5,3,3,533,Regular
16812.0,361,1,204.15,1,2,2,122,Churned
16813.0,8,10,1588.97,5,5,5,555,Champions
16814.0,14,21,3279.07,5,5,5,555,Champions
16816.0,103,4,396.9,2,4,3,243,Regular
16817.0,3,9,1155.65,5,5,5,555,Champions
16818.0,11,11,2547.93,5,5,5,555,Champions
16820.0,96,1,342.74,2,2,3,223,Churned
16823.0,227,1,318.58,1,2,3,123,Churned
16824.0,16,2,363.74,4,3,3,433,Regular
16825.0,39,2,289.4,3,3,3,333,Regular
16826.0,51,1,328.95,3,2,3,323,Regular
16828.0,112,1,113.5,2,2,1,221,Churned
16829.0,157,1,186.72,2,2,2,222,Churned
16830.0,39,1,263.33,3,2,2,322,Regular
16832.0,203,2,87.30000000000001,1,3,1,131,Regular
16833.0,1,4,729.3,5,4,4,544,Champions
16834.0,228,1,290.58,1,2,3,123,Churned
16835.0,128,2,180.85,2,3,2,232,Regular
16836.0,40,2,175.55,3,3,2,332,Regular
16837.0,31,9,1878.23,4,5,5,455,Champions
16838.0,197,2,313.34000000000003,1,3,3,133,Regular
16839.0,9,25,1956.03,5,5,5,555,Champions
16841.0,37,6,910.9399999999999,3,5,4,354,Regular
16842.0,101,3,815.61,2,4,4,244,Regular
16843.0,43,16,3598.19,3,5,5,355,Regular
16846.0,50,1,143.82,3,2,2,322,Regular
16847.0,43,1,193.44,3,2,2,322,Regular
16848.0,53,1,221.42,3,2,2,322,Regular
16849.0,187,1,84.77,1,2,1,121,Churned
16850.0,334,1,246.73000000000002,1,2,2,122,Churned
16851.0,4,3,261.81,5,4,2,542,Regular
16852.0,10,2,66.4,5,3,1,531,Regular
16855.0,24,2,255.8,4,3,2,432,Regular
16856.0,15,1,35.400000000000006,5,2,1,521,Regular
16858.0,369,1,148.05,1,2,2,122,Churned
16859.0,145,2,391.78999999999996,2,3,3,233,Regular
16861.0,60,2,112.80000000000001,3,3,1,331,Regular
16863.0,31,2,328.3,4,3,3,433,Regular
16866.0,141,2,18.240000000000002,2,3,1,231,Regular
16869.0,23,4,714.99,4,4,4,444,Champions
16871.0,22,6,1689.49,4,5,5,455,Champions
16873.0,5,6,3930.92,5,5,5,555,Champions
16875.0,67,5,1590.67,3,5,5,355,Regular
16877.0,12,6,792.12,5,5,4,554,Champions
16878.0,84,1,13.3,2,2,1,221,Churned
16880.0,31,7,1010.58,4,5,4,454,Champions
16882.0,67,3,474.24,3,4,3,343,Regular
16883.0,187,2,236.88,1,3,2,132,Regular
16884.0,38,2,329.46,3,3,3,333,Regular
16885.0,15,3,386.41,5,4,3,543,Regular
16887.0,35,1,194.88,3,2,2,322,Regular
16889.0,195,3,1150.54,1,4,5,145,Regular
16891.0,2,5,669.9,5,5,4,554,Champions
16892.0,1,5,415.99,5,5,3,553,Regular
16893.0,367,1,126.03,1,2,1,121,Churned
16895.0,65,1,200.24,3,2,2,322,Regular
16897.0,299,2,193.98000000000002,1,3,2,132,Regular
16898.0,26,3,405.19,4,4,3,443,Regular
16899.0,8,6,989.41,5,5,4,554,Champions
16900.0,17,3,645.84,4,4,4,444,Champions
16902.0,116,1,457.14,2,2,3,223,Churned
16903.0,29,1,322.86,4,2,3,423,Regular
16904.0,4,15,3000.64,5,5,5,555,Champions
16905.0,5,7,1756.6000000000001,5,5,5,555,Champions
16906.0,82,4,392.86,2,4,3,243,Regular
16907.0,29,5,573.14,4,5,4,454,Champions
16909.0,72,1,215.70000000000002,3,2,2,322,Regular
16910.0,4,8,1194.96,5,5,5,555,Champions
16912.0,29,10,1278.54,4,5,5,455,Champions
16913.0,290,1,14.29,1,2,1,121,Churned
16914.0,36,1,128.61,3,2,1,321,Regular
16915.0,9,6,336.70000000000005,5,5,3,553,Regular
16916.0,24,2,529.34,4,3,4,434,Regular
16918.0,50,6,913.02,3,5,4,354,Regular
16919.0,156,11,2241.43,2,5,5,255,Regular
16921.0,61,1,165.04,3,2,2,322,Regular
16923.0,12,16,5225.04,5,5,5,555,Champions
16924.0,21,3,663.52,4,4,4,444,Champions
16926.0,371,1,128.25,1,2,1,121,Churned
16927.0,276,2,32.75,1,3,1,131,Regular
16928.0,80,17,1463.52,2,5,5,255,Regular
16929.0,4,7,1061.8700000000001,5,5,4,554,Champions
16930.0,26,3,284.47,4,4,2,442,Regular
16931.0,5,21,4199.87,5,5,5,555,Champions
16932.0,53,1,161.94,3,2,2,322,Regular
16933.0,1,2,344.54,5,3,3,533,Regular
16934.0,55,2,775.4300000000001,3,3,4,334,Regular
16936.0,26,1,246.89000000000001,4,2,2,422,Regular
16938.0,9,4,1729.09,5,4,5,545,Champions
16940.0,52,3,2645.61,3,4,5,345,Regular
16942.0,13,9,1636.4,5,5,5,555,Champions
16943.0,212,3,478.88,1,4,3,143,Regular
16945.0,22,18,3761.58,4,5,5,455,Champions
16947.0,236,1,222.18,1,2,2,122,Churned
16948.0,139,2,63.2,2,3,1,231,Regular
16949.0,4,6,488.06,5,5,3,553,Regular
16950.0,57,2,299.34,3,3,3,333,Regular
16951.0,135,3,887.04,2,4,4,244,Regular
16952.0,109,1,88.71,2,2,1,221,Churned
16953.0,30,1,20.8,4,2,1,421,Regular
16954.0,60,4,313.65000000000003,3,4,3,343,Regular
16955.0,185,4,375.67,1,4,3,143,Regular
16956.0,18,1,225.04,4,2,2,422,Regular
16957.0,239,2,198.64,1,3,2,132,Regular
16959.0,87,1,117.35000000000001,2,2,1,221,Churned
16960.0,39,3,488.6,3,4,3,343,Regular
16961.0,116,1,234.17,2,2,2,222,Churned
16963.0,187,1,110.55000000000001,1,2,1,121,Churned
16965.0,227,1,137.89,1,2,2,122,Churned
16966.0,45,1,3.25,3,2,1,321,Regular
16967.0,189,1,238.79999999999998,1,2,2,122,Churned
16968.0,4,2,373.55,5,3,3,533,Regular
16969.0,39,3,362.6,3,4,3,343,Regular
16971.0,38,1,124.46,3,2,1,321,Regular
16978.0,78,1,310.33,2,2,3,223,Churned
16979.0,4,6,997.53,5,5,4,554,Champions
16980.0,255,2,605.5600000000001,1,3,4,134,Regular
16982.0,61,1,384.06,3,2,3,323,Regular
16983.0,13,7,1022.9,5,5,4,554,Champions
16984.0,88,2,2669.77,2,3,5,235,Regular
16985.0,17,9,838.58,4,5,4,454,Champions
16986.0,30,1,20.8,4,2,1,421,Regular
16987.0,3,6,1124.49,5,5,4,554,Champions
16988.0,5,1,100.87,5,2,1,521,Regular
16989.0,79,2,70.94999999999999,2,3,1,231,Regular
16992.0,11,5,1104.1000000000001,5,5,4,554,Champions
16996.0,30,6,687.58,4,5,4,454,Champions
16997.0,309,1,78.0,1,2,1,121,Churned
16998.0,150,2,15.4,2,3,1,231,Regular
16999.0,23,2,296.46,4,3,3,433,Regular
17001.0,1,11,2036.8,5,5,5,555,Champions
17002.0,86,3,649.65,2,4,4,244,Regular
17004.0,46,2,254.24,3,3,2,332,Regular
17006.0,5,4,523.62,5,4,3,543,Regular
17007.0,51,6,571.72,3,5,4,354,Regular
17010.0,18,1,122.28,4,2,1,421,Regular
17011.0,30,1,227.7,4,2,2,422,Regular
17014.0,8,3,393.63,5,4,3,543,Regular
17015.0,29,3,1267.46,4,4,5,445,Champions
17017.0,3,18,2076.06,5,5,5,555,Champions
17018.0,41,1,60.300000000000004,3,2,1,321,Regular
17019.0,11,4,1022.26,5,4,4,544,Champions
17022.0,31,1,50.120000000000005,4,2,1,421,Regular
17024.0,99,1,25.0,2,2,1,221,Churned
17025.0,373,2,39.65,1,3,1,131,Regular
17026.0,370,1,20.4,1,2,1,121,Churned
17027.0,79,6,815.36,2,5,4,254,Regular
17030.0,64,1,75.45,3,2,1,321,Regular
17031.0,12,2,317.95,5,3,3,533,Regular
17033.0,86,3,273.24,2,4,2,242,Regular
17034.0,16,3,265.66,4,4,2,442,Regular
17035.0,246,2,340.48,1,3,3,133,Regular
17037.0,88,1,1129.28,2,2,5,225,Churned
17038.0,30,1,112.4,4,2,1,421,Regular
17040.0,138,1,125.58,2,2,1,221,Churned
17041.0,27,3,799.59,4,4,4,444,Champions
17042.0,3,5,775.6,5,5,4,554,Champions
17043.0,32,4,1027.08,4,4,4,444,Champions
17045.0,113,2,210.24,2,3,2,232,Regular
17046.0,157,1,153.5,2,2,2,222,Churned
17047.0,85,3,1017.32,2,4,4,244,Regular
17048.0,118,3,629.21,2,4,4,244,Regular
17049.0,3,9,4345.03,5,5,5,555,Champions
17050.0,96,6,2558.09,2,5,5,255,Regular
17051.0,194,1,237.19,1,2,2,122,Churned
17052.0,28,1,319.74,4,2,3,423,Regular
17053.0,131,1,179.4,2,2,2,222,Churned
17054.0,28,5,757.48,4,5,4,454,Champions
17058.0,82,3,771.26,2,4,4,244,Regular
17059.0,30,5,2529.28,4,5,5,455,Champions
17060.0,266,1,50.400000000000006,1,2,1,121,Churned
17061.0,74,7,654.8,2,5,4,254,Regular
17062.0,314,4,483.71,1,4,3,143,Regular
17063.0,21,7,1258.8,4,5,5,455,Champions
17064.0,59,3,709.0500000000001,3,4,4,344,Regular
17068.0,12,21,4026.2000000000003,5,5,5,555,Champions
17069.0,28,9,1953.5600000000002,4,5,5,455,Champions
17070.0,114,1,292.24,2,2,3,223,Churned
17071.0,28,9,1829.8700000000001,4,5,5,455,Champions
17073.0,18,4,1117.52,4,4,4,444,Champions
17075.0,18,4,633.82,4,4,4,444,Champions
17076.0,36,3,237.85999999999999,3,4,2,342,Regular
17078.0,36,2,46.519999999999996,3,3,1,331,Regular
17080.0,22,1,45.0,4,2,1,421,Regular
17081.0,25,2,228.26,4,3,2,432,Regular
17082.0,33,2,888.61,4,3,4,434,Regular
17083.0,109,3,497.92,2,4,3,243,Regular
17084.0,35,2,2125.8,3,3,5,335,Regular
17085.0,123,5,1304.8,2,5,5,255,Regular
17086.0,7,6,1057.62,5,5,4,554,Champions
17088.0,28,4,1644.1100000000001,4,4,5,445,Champions
17090.0,4,5,432.24,5,5,3,553,Regular
17091.0,3,9,3319.67,5,5,5,555,Champions
17092.0,50,4,1465.39,3,4,5,345,Regular
17094.0,322,1,135.5,1,2,2,122,Churned
17095.0,23,3,745.7,4,4,4,444,Champions
17096.0,15,4,682.49,5,4,4,544,Champions
17097.0,2,8,799.72,5,5,4,554,Champions
17100.0,18,2,863.62,4,3,4,434,Regular
17101.0,52,2,337.38,3,3,3,333,Regular
17105.0,159,2,586.96,2,3,4,234,Regular
17107.0,33,5,2899.76,4,5,5,455,Champions
17109.0,29,6,600.76,4,5,4,454,Champions
17110.0,165,1,76.1,2,2,1,221,Churned
17111.0,47,1,200.39000000000001,3,2,2,322,Regular
17114.0,6,8,545.82,5,5,4,554,Champions
17115.0,8,3,510.0,5,4,3,543,Regular
17117.0,288,1,89.25,1,2,1,121,Churned
17118.0,318,1,111.89999999999999,1,2,1,121,Churned
17119.0,3,2,444.37,5,3,3,533,Regular
17120.0,233,1,239.46,1,2,2,122,Churned
17122.0,119,1,108.32,2,2,1,221,Churned
17123.0,162,1,81.0,2,2,1,221,Churned
17124.0,185,1,298.89,1,2,3,123,Churned
17125.0,50,1,183.38,3,2,2,322,Regular
17126.0,152,5,956.31,2,5,4,254,Regular
17128.0,335,1,101.59,1,2,1,121,Churned
17131.0,5,5,1443.1200000000001,5,5,5,555,Champions
17133.0,16,3,32.400000000000006,4,4,1,441,Regular
17134.0,107,2,355.35,2,3,3,233,Regular
17135.0,16,5,369.85,4,5,3,453,Regular
17138.0,276,1,320.0,1,2,3,123,Churned
17139.0,16,12,6363.51,4,5,5,455,Champions
17140.0,247,1,126.62,1,2,1,121,Churned
17142.0,239,1,185.7,1,2,2,122,Churned
17144.0,1,2,617.58,5,3,4,534,Regular
17146.0,106,3,450.48,2,4,3,243,Regular
17147.0,23,4,935.9,4,4,4,444,Champions
17148.0,52,1,124.88,3,2,1,321,Regular
17152.0,195,2,66.3,1,3,1,131,Regular
17153.0,24,1,213.78,4,2,2,422,Regular
17154.0,75,1,188.7,2,2,2,222,Churned
17155.0,18,2,60.07,4,3,1,431,Regular
17157.0,8,2,162.4,5,3,2,532,Regular
17158.0,32,3,770.99,4,4,4,444,Champions
17159.0,22,3,1269.69,4,4,5,445,Champions
17160.0,31,6,3175.89,4,5,5,455,Champions
17162.0,29,10,1242.14,4,5,5,455,Champions
17163.0,78,1,63.7,2,2,1,221,Churned
17164.0,33,7,2083.9,4,5,5,455,Champions
17165.0,284,1,128.7,1,2,1,121,Churned
17166.0,39,2,150.09,3,3,2,332,Regular
17169.0,58,2,657.68,3,3,4,334,Regular
17171.0,289,1,144.21,1,2,2,122,Churned
17172.0,79,1,35.400000000000006,2,2,1,221,Churned
17173.0,5,6,885.72,5,5,4,554,Champions
17174.0,218,1,59.9,1,2,1,121,Churned
17175.0,44,4,777.64,3,4,4,344,Regular
17176.0,202,1,203.95,1,2,2,122,Churned
17179.0,178,3,578.04,2,4,4,244,Regular
17180.0,56,4,484.33,3,4,3,343,Regular
17181.0,57,1,44.6,3,2,1,321,Regular
17183.0,8,5,588.54,5,5,4,554,Champions
17187.0,227,1,83.45,1,2,1,121,Churned
17188.0,11,7,954.37,5,5,4,554,Champions
17189.0,106,2,367.40000000000003,2,3,3,233,Regular
17190.0,59,1,120.89,3,2,1,321,Regular
17191.0,28,7,1655.23,4,5,5,455,Champions
17193.0,36,5,201.58,3,5,2,352,Regular
17194.0,361,1,76.12,1,2,1,121,Churned
17197.0,30,1,348.46,4,2,3,423,Regular
17198.0,24,3,394.42,4,4,3,443,Regular
17201.0,54,1,145.23,3,2,2,322,Regular
17203.0,36,6,410.51,3,5,3,353,Regular
17204.0,175,4,598.7,2,4,4,244,Regular
17205.0,54,1,10.0,3,2,1,321,Regular
17206.0,53,1,159.24,3,2,2,322,Regular
17211.0,27,8,2093.4700000000003,4,5,5,455,Champions
17212.0,253,1,3.95,1,2,1,121,Churned
17213.0,40,7,2482.86,3,5,5,355,Regular
17214.0,60,6,785.62,3,5,4,354,Regular
17217.0,234,1,48.050000000000004,1,2,1,121,Churned
17218.0,4,10,1564.95,5,5,5,555,Champions
17219.0,32,1,114.23,4,2,1,421,Regular
17220.0,24,14,2833.3,4,5,5,455,Champions
17221.0,7,2,215.23,5,3,2,532,Regular
17222.0,65,1,298.5,3,2,3,323,Regular
17223.0,310,2,242.94,1,3,2,132,Regular
17226.0,309,1,117.58,1,2,1,121,Churned
17227.0,19,6,234.76000000000002,4,5,2,452,Regular
17228.0,16,8,1696.77,4,5,5,455,Champions
17229.0,96,2,308.81,2,3,3,233,Regular
17230.0,264,6,582.8,1,5,4,154,Regular
17231.0,12,10,2694.79,5,5,5,555,Champions
17232.0,3,2,421.52,5,3,3,533,Regular
17233.0,35,1,139.32,3,2,2,322,Regular
17234.0,183,1,114.04,2,2,1,221,Churned
17235.0,25,2,264.4,4,3,2,432,Regular
17236.0,13,6,705.42,5,5,4,554,Champions
17237.0,11,2,185.09,5,3,2,532,Regular
17238.0,3,17,3281.75,5,5,5,555,Champions
17239.0,313,1,154.6,1,2,2,122,Churned
17242.0,108,2,455.74,2,3,3,233,Regular
17243.0,1,25,4523.860000000001,5,5,5,555,Champions
17244.0,53,1,215.13,3,2,2,322,Regular
17245.0,205,1,171.45,1,2,2,122,Churned
17247.0,15,1,216.34,5,2,2,522,Regular
17248.0,120,1,233.3,2,2,2,222,Churned
17250.0,4,2,229.67,5,3,2,532,Regular
17251.0,363,1,249.28,1,2,2,122,Churned
17252.0,117,2,324.01,2,3,3,233,Regular
17253.0,18,1,128.91,4,2,1,421,Regular
17254.0,5,2,236.29,5,3,2,532,Regular
17255.0,41,2,250.84,3,3,2,332,Regular
17256.0,107,2,89.1,2,3,1,231,Regular
17259.0,148,2,509.07,2,3,3,233,Regular
17262.0,227,1,20.4,1,2,1,121,Churned
17263.0,208,1,63.440000000000005,1,2,1,121,Churned
17265.0,139,2,541.9,2,3,4,234,Regular
17266.0,2,3,271.84,5,4,2,542,Regular
17267.0,127,2,240.04,2,3,2,232,Regular
17268.0,150,1,35.0,2,2,1,221,Churned
17272.0,46,3,945.51,3,4,4,344,Regular
17274.0,35,1,85.42,3,2,1,321,Regular
17277.0,228,2,835.23,1,3,4,134,Regular
17278.0,241,1,155.03,1,2,2,122,Churned
17279.0,58,1,25.43,3,2,1,321,Regular
17282.0,174,2,381.15,2,3,3,233,Regular
17284.0,60,6,1428.91,3,5,5,355,Regular
17286.0,22,1,145.42,4,2,2,422,Regular
17287.0,26,7,757.81,4,5,4,454,Champions
17288.0,9,5,567.33,5,5,4,554,Champions
17289.0,32,3,629.71,4,4,4,444,Champions
17290.0,4,2,431.76,5,3,3,533,Regular
17293.0,8,8,1159.95,5,5,5,555,Champions
17295.0,29,3,391.42,4,4,3,443,Regular
17297.0,17,1,103.38,4,2,1,421,Regular
17298.0,101,1,165.46,2,2,2,222,Churned
17299.0,12,4,425.29,5,4,3,543,Regular
17301.0,21,1,166.43,4,2,2,422,Regular
17302.0,15,5,755.2,5,5,4,554,Champions
17303.0,361,1,205.59,1,2,2,122,Churned
17306.0,11,2,49.92,5,3,1,531,Regular
17309.0,95,1,82.75,2,2,1,221,Churned
17311.0,78,2,619.76,2,3,4,234,Regular
17312.0,155,2,83.9,2,3,1,231,Regular
17314.0,25,8,1617.83,4,5,5,455,Champions
17315.0,2,36,3241.27,5,5,5,555,Champions
17320.0,100,3,804.1,2,4,4,244,Regular
17321.0,68,1,458.67,3,2,3,323,Regular
17323.0,15,7,921.07,5,5,4,554,Champions
17324.0,18,4,237.09,4,4,2,442,Regular
17325.0,280,1,96.8,1,2,1,121,Churned
17329.0,14,2,340.95,5,3,3,533,Regular
17333.0,86,1,419.37,2,2,3,223,Churned
17334.0,309,1,116.04000000000002,1,2,1,121,Churned
17337.0,151,4,1663.07,2,4,5,245,Regular
17338.0,17,8,5879.22,4,5,5,455,Champions
17339.0,94,2,75.0,2,3,1,231,Regular
17340.0,30,10,4500.47,4,5,5,455,Champions
17341.0,157,3,631.27,2,4,4,244,Regular
17343.0,355,1,176.69,1,2,2,122,Churned
17344.0,46,1,135.57,3,2,2,322,Regular
17345.0,15,4,426.88,5,4,3,543,Regular
17346.0,4,15,2095.55,5,5,5,555,Champions
17348.0,15,5,824.12,5,5,4,554,Champions
17349.0,179,1,45.0,2,2,1,221,Churned
17350.0,8,4,753.57,5,4,4,544,Champions
17351.0,36,3,282.0,3,4,2,342,Regular
17354.0,51,1,35.690000000000005,3,2,1,321,Regular
17356.0,312,1,178.22,1,2,2,122,Churned
17357.0,24,2,206.47,4,3,2,432,Regular
17358.0,303,2,347.40000000000003,1,3,3,133,Regular
17359.0,11,1,64.4,5,2,1,521,Regular
17360.0,17,3,499.6,4,4,3,443,Regular
17361.0,49,2,328.88,3,3,3,333,Regular
17362.0,239,2,276.28,1,3,2,132,Regular
17364.0,1,11,2969.65,5,5,5,555,Champions
17365.0,13,8,3350.94,5,5,5,555,Champions
17367.0,238,1,149.46,1,2,2,122,Churned
17368.0,23,7,470.09,4,5,3,453,Regular
17370.0,73,4,310.62,2,4,3,243,Regular
17371.0,17,3,242.44,4,4,2,442,Regular
17372.0,41,8,1264.6000000000001,3,5,5,355,Regular
17373.0,40,4,548.4,3,4,4,344,Regular
17374.0,219,2,458.87,1,3,3,133,Regular
17375.0,199,3,314.91,1,4,3,143,Regular
17376.0,71,2,193.25,3,3,2,332,Regular
17377.0,24,20,3070.71,4,5,5,455,Champions
17379.0,11,1,340.95,5,2,3,523,Regular
17381.0,278,1,50.400000000000006,1,2,1,121,Churned
17383.0,4,1,188.79,5,2,2,522,Regular
17384.0,19,2,122.2,4,3,1,431,Regular
17385.0,15,1,248.28,5,2,2,522,Regular
17386.0,8,3,101.60000000000001,5,4,1,541,Regular
17387.0,20,2,598.22,4,3,4,434,Regular
17388.0,78,2,128.48,2,3,1,231,Regular
17389.0,3,23,1029.5,5,5,4,554,Champions
17392.0,307,2,308.58,1,3,3,133,Regular
17394.0,219,1,38.4,1,2,1,121,Churned
17396.0,149,1,37.5,2,2,1,221,Churned
17397.0,22,2,555.3100000000001,4,3,4,434,Regular
17398.0,115,3,353.52,2,4,3,243,Regular
17400.0,126,5,1482.29,2,5,5,255,Regular
17402.0,5,7,236.75,5,5,2,552,Regular
17403.0,36,1,271.67,3,2,2,322,Regular
17404.0,131,5,392.14,2,5,3,253,Regular
17405.0,1,3,746.64,5,4,4,544,Champions
17406.0,333,2,953.02,1,3,4,134,Regular
17409.0,185,2,127.45000000000002,1,3,1,131,Regular
17410.0,16,5,854.31,4,5,4,454,Champions
17411.0,12,3,583.2,5,4,4,544,Champions
17412.0,3,7,1016.26,5,5,4,554,Champions
17414.0,185,1,28.0,1,2,1,121,Churned
17415.0,80,1,103.63999999999999,2,2,1,221,Churned
17416.0,30,6,3294.6800000000003,4,5,5,455,Champions
17418.0,42,2,431.78000000000003,3,3,3,333,Regular
17419.0,11,12,2583.54,5,5,5,555,Champions
17420.0,50,3,445.48,3,4,3,343,Regular
17422.0,16,6,1129.7,4,5,5,455,Champions
17423.0,46,2,308.89,3,3,3,333,Regular
17425.0,61,1,675.77,3,2,4,324,Regular
17426.0,8,6,3436.35,5,5,5,555,Champions
17428.0,38,18,2413.98,3,5,5,355,Regular
17429.0,128,3,363.56,2,4,3,243,Regular
17430.0,33,2,183.20000000000002,4,3,2,432,Regular
17431.0,313,1,287.5,1,2,3,123,Churned
17432.0,18,2,295.44,4,3,3,433,Regular
17433.0,88,1,283.26,2,2,2,222,Churned
17434.0,2,7,1432.18,5,5,5,555,Champions
17436.0,2,2,170.39999999999998,5,3,2,532,Regular
17438.0,254,1,346.65000000000003,1,2,3,123,Churned
17440.0,248,1,7.0200000000000005,1,2,1,121,Churned
17442.0,37,6,1777.21,3,5,5,355,Regular
17444.0,152,2,1393.0,2,3,5,235,Regular
17446.0,310,1,15.299999999999999,1,2,1,121,Churned
17447.0,40,2,460.65,3,3,3,333,Regular
17449.0,2,7,2225.78,5,5,5,555,Champions
17450.0,11,5,1075.32,5,5,4,554,Champions
17451.0,1,6,1473.94,5,5,5,555,Champions
17453.0,18,2,171.57,4,3,2,432,Regular
17454.0,192,4,467.78000000000003,1,4,3,143,Regular
17455.0,204,1,111.8,1,2,1,121,Churned
17456.0,365,1,219.62,1,2,2,122,Churned
17457.0,127,2,77.11,2,3,1,231,Regular
17458.0,15,1,316.5,5,2,3,523,Regular
17459.0,43,2,524.89,3,3,3,333,Regular
17460.0,94,4,489.08000000000004,2,4,3,243,Regular
17461.0,23,3,610.6,4,4,4,444,Champions
17462.0,60,2,340.58,3,3,3,333,Regular
17463.0,16,5,1578.16,4,5,5,455,Champions
17464.0,158,1,105.4,2,2,1,221,Churned
17466.0,10,2,504.08000000000004,5,3,3,533,Regular
17468.0,14,1,17.0,5,2,1,521,Regular
17469.0,16,5,1558.1100000000001,4,5,5,455,Champions
17470.0,45,5,621.01,3,5,4,354,Regular
17472.0,191,3,664.39,1,4,4,144,Regular
17475.0,79,1,162.87,2,2,2,222,Churned
17480.0,78,1,432.14,2,2,3,223,Churned
17481.0,4,4,1000.7,5,4,4,544,Champions
17483.0,65,3,311.14,3,4,3,343,Regular
17486.0,261,1,376.97,1,2,3,123,Churned
17489.0,59,2,291.2,3,3,3,333,Regular
17490.0,1,6,787.25,5,5,4,554,Champions
17491.0,1,10,1300.98,5,5,5,555,Champions
17492.0,248,1,140.0,1,2,2,122,Churned
17495.0,8,2,397.76,5,3,3,533,Regular
17496.0,359,1,251.10000000000002,1,2,2,122,Churned
17498.0,76,1,175.74,2,2,2,222,Churned
17499.0,290,1,312.32,1,2,3,123,Churned
17500.0,30,1,33.0,4,2,1,421,Regular
17501.0,221,2,249.45000000000002,1,3,2,132,Regular
17502.0,9,3,482.40000000000003,5,4,3,543,Regular
17503.0,3,2,360.89,5,3,3,533,Regular
17504.0,206,8,1357.66,1,5,5,155,Regular
17505.0,162,2,747.14,2,3,4,234,Regular
17506.0,76,1,270.7,2,2,2,222,Churned
17507.0,262,2,533.48,1,3,4,134,Regular
17508.0,281,1,208.89999999999998,1,2,2,122,Churned
17509.0,58,8,5662.74,3,5,5,355,Regular
17510.0,25,1,272.9,4,2,2,422,Regular
17511.0,4,25,1663.7,5,5,5,555,Champions
17512.0,51,7,1338.77,3,5,5,355,Regular
17514.0,128,1,200.15,2,2,2,222,Churned
17515.0,31,4,427.62,4,4,3,443,Regular
17516.0,15,5,649.87,5,5,4,554,Champions
17517.0,309,1,128.44,1,2,1,121,Churned
17519.0,17,6,867.82,4,5,4,454,Champions
17520.0,54,1,352.73,3,2,3,323,Regular
17521.0,30,3,614.99,4,4,4,444,Champions
17522.0,2,5,634.4,5,5,4,554,Champions
17523.0,11,2,243.03,5,3,2,532,Regular
17524.0,361,1,145.0,1,2,2,122,Churned
17525.0,360,1,149.7,1,2,2,122,Churned
17526.0,5,3,134.20000000000002,5,4,1,541,Regular
17527.0,54,4,588.16,3,4,4,344,Regular
17528.0,1,8,2414.19,5,5,5,555,Champions
17530.0,1,10,2146.52,5,5,5,555,Champions
17531.0,190,1,236.1,1,2,2,122,Churned
17534.0,54,1,173.26,3,2,2,322,Regular
17535.0,280,1,164.4,1,2,2,122,Churned
17537.0,30,2,612.76,4,3,4,434,Regular
17538.0,26,1,92.66,4,2,1,421,Regular
17540.0,25,2,426.1,4,3,3,433,Regular
17542.0,270,1,108.15,1,2,1,121,Churned
17545.0,43,3,433.47,3,4,3,343,Regular
17548.0,234,1,73.3,1,2,1,121,Churned
17549.0,52,1,9.48,3,2,1,321,Regular
17550.0,197,3,198.41,1,4,2,142,Regular
17551.0,359,1,268.34,1,2,2,122,Churned
17552.0,60,4,670.75,3,4,4,344,Regular
17554.0,1,5,775.05,5,5,4,554,Champions
17555.0,20,2,471.88,4,3,3,433,Regular
17556.0,206,1,57.45,1,2,1,121,Churned
17557.0,14,3,424.84000000000003,5,4,3,543,Regular
17560.0,155,3,222.37,2,4,2,242,Regular
17561.0,19,1,140.0,4,2,2,422,Regular
17562.0,14,7,954.08,5,5,4,554,Champions
17564.0,24,3,434.11,4,4,3,443,Regular
17566.0,8,2,773.71,5,3,4,534,Regular
17567.0,7,8,2125.95,5,5,5,555,Champions
17569.0,332,1,202.04,1,2,2,122,Churned
17571.0,50,3,1122.51,3,4,4,344,Regular
17572.0,71,4,206.85000000000002,3,4,2,342,Regular
17573.0,29,3,320.12,4,4,3,443,Regular
17574.0,243,1,155.8,1,2,2,122,Churned
17576.0,8,19,2634.08,5,5,5,555,Champions
17578.0,218,1,49.5,1,2,1,121,Churned
17579.0,5,3,367.65000000000003,5,4,3,543,Regular
17580.0,312,2,168.02,1,3,2,132,Regular
17581.0,1,23,5499.04,5,5,5,555,Champions
17582.0,236,1,115.27,1,2,1,121,Churned
17584.0,7,2,322.35,5,3,3,533,Regular
17585.0,109,4,770.88,2,4,4,244,Regular
17588.0,100,2,170.5,2,3,2,232,Regular
17589.0,60,4,1779.37,3,4,5,345,Regular
17590.0,2,3,1192.64,5,4,5,545,Champions
17591.0,73,7,966.23,2,5,4,254,Regular
17593.0,4,5,2064.17,5,5,5,555,Champions
17594.0,85,2,953.58,2,3,4,234,Regular
17595.0,12,2,378.84000000000003,5,3,3,533,Regular
17596.0,23,7,1082.72,4,5,4,454,Champions
17597.0,214,1,507.9,1,2,3,123,Churned
17600.0,18,1,128.48000000000002,4,2,1,421,Regular
17601.0,239,1,78.45,1,2,1,121,Churned
17602.0,2,6,3431.14,5,5,5,555,Champions
17603.0,78,1,144.72,2,2,2,222,Churned
17604.0,217,2,281.92,1,3,2,132,Regular
17608.0,33,2,172.84,4,3,2,432,Regular
17609.0,41,5,977.03,3,5,4,354,Regular
17611.0,7,15,3430.53,5,5,5,555,Champions
17612.0,53,6,1596.55,3,5,5,355,Regular
17613.0,23,14,3581.9900000000002,4,5,5,455,Champions
17614.0,57,1,358.42,3,2,3,323,Regular
17615.0,130,3,159.95,2,4,2,242,Regular
17618.0,6,3,718.9300000000001,5,4,4,544,Champions
17619.0,312,1,218.52,1,2,2,122,Churned
17620.0,60,1,6.64,3,2,1,321,Regular
17621.0,21,3,308.5,4,4,3,443,Regular
17623.0,33,1,442.25,4,2,3,423,Regular
17624.0,15,2,629.05,5,3,4,534,Regular
17625.0,18,4,1839.71,4,4,5,445,Champions
17628.0,81,1,36.150000000000006,2,2,1,221,Churned
17629.0,6,8,973.39,5,5,4,554,Champions
17630.0,170,2,268.9,2,3,2,232,Regular
17631.0,2,3,401.85,5,4,3,543,Regular
17633.0,31,4,1067.78,4,4,4,444,Champions
17634.0,36,9,1686.1200000000001,3,5,5,355,Regular
17636.0,19,1,271.64,4,2,2,422,Regular
17637.0,31,2,445.85,4,3,3,433,Regular
17639.0,276,1,30.2,1,2,1,121,Churned
17642.0,120,2,474.43,2,3,3,233,Regular
17643.0,373,1,75.0,1,2,1,121,Churned
17644.0,1,11,1950.97,5,5,5,555,Champions
17646.0,219,3,733.69,1,4,4,144,Regular
17647.0,65,1,82.11,3,2,1,321,Regular
17648.0,61,4,1274.52,3,4,5,345,Regular
17649.0,138,1,800.09,2,2,4,224,Churned
17650.0,21,1,79.2,4,2,1,421,Regular
17651.0,12,9,3214.61,5,5,5,555,Champions
17652.0,25,12,3851.69,4,5,5,455,Champions
17653.0,38,3,449.86,3,4,3,343,Regular
17654.0,277,1,80.65,1,2,1,121,Churned
17655.0,11,7,1184.04,5,5,5,555,Champions
17656.0,73,5,851.59,2,5,4,254,Regular
17658.0,26,2,60.3,4,3,1,431,Regular
17659.0,17,12,2190.14,4,5,5,455,Champions
17660.0,141,1,131.0,2,2,1,221,Churned
17663.0,26,7,1409.2,4,5,5,455,Champions
17664.0,19,2,427.88,4,3,3,433,Regular
17666.0,4,2,110.58,5,3,1,531,Regular
17667.0,66,5,1467.1100000000001,3,5,5,355,Regular
17668.0,1,2,85.25,5,3,1,531,Regular
17669.0,43,7,772.44,3,5,4,354,Regular
17670.0,228,1,185.3,1,2,2,122,Churned
17671.0,16,4,745.61,4,4,4,444,Champions
17672.0,50,2,1089.96,3,3,4,334,Regular
17673.0,2,6,1237.11,5,5,5,555,Champions
17674.0,74,2,128.52,2,3,1,231,Regular
17675.0,1,28,8637.67,5,5,5,555,Champions
17676.0,4,6,1075.96,5,5,4,554,Champions
17677.0,2,21,2387.43,5,5,5,555,Champions
17678.0,264,1,201.51000000000002,1,2,2,122,Churned
17679.0,86,1,57.900000000000006,2,2,1,221,Churned
17680.0,24,1,184.4,4,2,2,422,Regular
17682.0,10,6,2135.69,5,5,5,555,Champions
17684.0,44,1,212.95,3,2,2,322,Regular
17685.0,17,6,1508.19,4,5,5,455,Champions
17686.0,7,7,4036.08,5,5,5,555,Champions
17690.0,30,15,2814.2200000000003,4,5,5,455,Champions
17691.0,358,2,290.40000000000003,1,3,3,133,Regular
17692.0,127,4,444.18,2,4,3,243,Regular
17693.0,137,1,117.15,2,2,1,221,Churned
17694.0,142,1,238.0,2,2,2,222,Churned
17695.0,132,2,322.52000000000004,2,3,3,233,Regular
17696.0,38,8,1079.49,3,5,4,354,Regular
17697.0,236,1,258.65000000000003,1,2,2,122,Churned
17698.0,261,1,124.94999999999999,1,2,1,121,Churned
17700.0,17,4,2072.27,4,4,5,445,Champions
17701.0,253,1,324.45,1,2,3,123,Churned
17702.0,30,4,893.17,4,4,4,444,Champions
17703.0,35,3,765.14,3,4,4,344,Regular
17704.0,169,2,426.93000000000006,2,3,3,233,Regular
17705.0,3,9,1233.9,5,5,5,555,Champions
17706.0,4,17,4677.95,5,5,5,555,Champions
17707.0,185,2,50.400000000000006,1,3,1,131,Regular
17708.0,188,2,258.58,1,3,2,132,Regular
17709.0,170,1,74.75,2,2,1,221,Churned
17711.0,11,2,313.58,5,3,3,533,Regular
17712.0,45,1,373.21,3,2,3,323,Regular
17714.0,321,1,153.0,1,2,2,122,Churned
17716.0,29,10,3189.05,4,5,5,455,Champions
17718.0,232,1,33.45,1,2,1,121,Churned
17719.0,38,15,2862.36,3,5,5,355,Regular
17720.0,26,3,486.74,4,4,3,443,Regular
17722.0,96,4,1182.68,2,4,5,245,Regular
17723.0,214,1,64.9,1,2,1,121,Churned
17724.0,71,3,751.2,3,4,4,344,Regular
17725.0,16,11,2540.8,4,5,5,455,Champions
17727.0,15,1,858.19,5,2,4,524,Regular
17728.0,4,3,2532.59,5,4,5,545,Champions
17730.0,3,13,2315.53,5,5,5,555,Champions
17731.0,79,4,728.74,2,4,4,244,Regular
17732.0,373,1,254.32000000000002,1,2,2,122,Churned
17733.0,39,2,381.39,3,3,3,333,Regular
17734.0,54,3,548.41,3,4,4,344,Regular
17735.0,2,19,9876.01,5,5,5,555,Champions
17736.0,113,1,177.13,2,2,2,222,Churned
17737.0,9,2,137.64000000000001,5,3,2,532,Regular
17738.0,19,4,1158.01,4,4,5,445,Champions
17739.0,38,6,381.29,3,5,3,353,Regular
17742.0,113,2,145.96,2,3,2,232,Regular
17744.0,4,6,812.5,5,5,4,554,Champions
17746.0,240,1,74.8,1,2,1,121,Churned
17749.0,178,2,388.35,2,3,3,233,Regular
17750.0,5,8,479.36,5,5,3,553,Regular
17754.0,1,5,414.68,5,5,3,553,Regular
17757.0,1,30,4047.19,5,5,5,555,Champions
17758.0,19,7,3137.7000000000003,4,5,5,455,Champions
17759.0,17,3,581.13,4,4,4,444,Champions
17760.0,22,2,177.75,4,3,2,432,Regular
17761.0,33,1,125.16,4,2,1,421,Regular
17763.0,263,1,15.0,1,2,1,121,Churned
17764.0,51,2,592.87,3,3,4,334,Regular
17765.0,159,3,311.53000000000003,2,4,3,243,Regular
17767.0,15,1,271.2,5,2,2,522,Regular
17768.0,8,3,924.4200000000001,5,4,4,544,Champions
17769.0,13,10,2939.3,5,5,5,555,Champions
17770.0,199,4,405.25,1,4,3,143,Regular
17771.0,57,2,167.56,3,3,2,332,Regular
17772.0,11,2,142.57,5,3,2,532,Regular
17774.0,97,4,997.42,2,4,4,244,Regular
17777.0,25,3,637.33,4,4,4,444,Champions
17779.0,21,3,509.35,4,4,3,443,Regular
17781.0,159,1,46.52,2,2,1,221,Churned
17783.0,72,2,222.47,3,3,2,332,Regular
17785.0,53,1,123.44,3,2,1,321,Regular
17786.0,85,2,246.62,2,3,2,232,Regular
17787.0,153,4,1362.8600000000001,2,4,5,245,Regular
17788.0,130,1,8.2,2,2,1,221,Churned
17789.0,281,1,191.65,1,2,2,122,Churned
17790.0,27,14,1730.0,4,5,5,455,Champions
17791.0,30,1,106.1,4,2,1,421,Regular
17793.0,25,1,196.77,4,2,2,422,Regular
17795.0,180,2,302.12,2,3,3,233,Regular
17796.0,40,4,546.35,3,4,4,344,Regular
17797.0,22,3,624.43,4,4,4,444,Champions
17799.0,22,10,2458.02,4,5,5,455,Champions
17800.0,37,9,844.16,3,5,4,354,Regular
17802.0,82,3,900.32,2,4,4,244,Regular
17805.0,74,1,21.57,2,2,1,221,Churned
17806.0,11,1,246.77,5,2,2,522,Regular
17809.0,16,2,73.05,4,3,1,431,Regular
17811.0,4,39,4612.82,5,5,5,555,Champions
17812.0,13,4,545.61,5,4,4,544,Champions
17813.0,14,5,1269.43,5,5,5,555,Champions
17816.0,37,4,36.56,3,4,1,341,Regular
17817.0,4,2,114.43,5,3,1,531,Regular
17819.0,241,3,81.79,1,4,1,141,Regular
17824.0,51,1,65.2,3,2,1,321,Regular
17827.0,5,5,1506.01,5,5,5,555,Champions
17828.0,23,3,765.7,4,4,4,444,Champions
17829.0,299,1,559.84,1,2,4,124,Churned
17830.0,2,3,346.25,5,4,3,543,Regular
17831.0,33,1,35.400000000000006,4,2,1,421,Regular
17832.0,50,1,148.53,3,2,2,322,Regular
17835.0,3,3,264.48,5,4,2,542,Regular
17836.0,47,1,110.21000000000001,3,2,1,321,Regular
17837.0,42,8,1156.88,3,5,5,355,Regular
17838.0,27,5,1482.0,4,5,5,455,Champions
17839.0,42,1,307.3,3,2,3,323,Regular
17841.0,2,123,30745.75,5,5,5,555,Champions
17843.0,303,1,173.83,1,2,2,122,Churned
17844.0,107,1,51.559999999999995,2,2,1,221,Churned
17848.0,148,6,247.5,2,5,2,252,Regular
17849.0,218,4,160.0,1,4,2,142,Regular
17850.0,372,34,4569.74,1,5,5,155,Regular
17852.0,12,2,114.34,5,3,1,531,Regular
17854.0,185,2,120.01,1,3,1,131,Regular
17855.0,373,1,178.86,1,2,2,122,Churned
17856.0,233,2,35.6,1,3,1,131,Regular
17857.0,358,1,5.5,1,2,1,121,Churned
17858.0,6,9,1774.31,5,5,5,555,Champions
17859.0,305,1,75.13000000000001,1,2,1,121,Churned
17860.0,369,1,252.8,1,2,2,122,Churned
17861.0,3,8,1085.67,5,5,4,554,Champions
17862.0,324,1,50.0,1,2,1,121,Churned
17863.0,59,6,1520.32,3,5,5,355,Regular
17864.0,13,3,465.92,5,4,3,543,Regular
17865.0,31,18,4279.84,4,5,5,455,Champions
17866.0,143,1,111.05,2,2,1,221,Churned
17867.0,30,3,240.77,4,4,2,442,Regular
17869.0,107,5,237.68,2,5,2,252,Regular
17870.0,2,11,1242.06,5,5,5,555,Champions
17871.0,205,1,128.54000000000002,1,2,1,121,Churned
17873.0,80,4,213.39000000000001,2,4,2,242,Regular
17874.0,185,6,410.11,1,5,3,153,Regular
17877.0,170,1,71.25,2,2,1,221,Churned
17878.0,44,1,197.63,3,2,2,322,Regular
17879.0,174,1,49.16,2,2,1,221,Churned
17880.0,365,1,375.28000000000003,1,2,3,123,Churned
17881.0,304,1,77.55,1,2,1,121,Churned
17883.0,3,4,508.72,5,4,3,543,Regular
17884.0,4,4,509.02,5,4,3,543,Regular
17885.0,12,1,173.05,5,2,2,522,Regular
17886.0,32,3,368.51,4,4,3,443,Regular
17887.0,129,1,62.95,2,2,1,221,Churned
17888.0,60,6,328.82,3,5,3,353,Regular
17889.0,212,2,139.27,1,3,2,132,Regular
17890.0,323,2,493.77,1,3,3,133,Regular
17891.0,162,1,163.06,2,2,2,222,Churned
17892.0,57,2,121.1,3,3,1,331,Regular
17893.0,225,1,60.85,1,2,1,121,Churned
17894.0,72,8,921.66,3,5,4,354,Regular
17895.0,44,1,91.16,3,2,1,321,Regular
17897.0,173,3,437.75,2,4,3,243,Regular
17898.0,85,2,117.14,2,3,1,231,Regular
17899.0,159,1,91.33,2,2,1,221,Churned
17900.0,190,2,62.4,1,3,1,131,Regular
17901.0,29,1,49.730000000000004,4,2,1,421,Regular
17904.0,21,1,126.37,4,2,1,421,Regular
17905.0,157,3,214.94,2,4,2,242,Regular
17906.0,247,1,55.95,1,2,1,121,Churned
17908.0,374,1,234.52,1,2,2,122,Churned
17911.0,9,1,310.85,5,2,3,523,Regular
17912.0,310,5,182.5,1,5,2,152,Regular
17913.0,59,2,347.74,3,3,3,333,Regular
17914.0,4,1,222.57,5,2,2,522,Regular
17917.0,45,3,324.33,3,4,3,343,Regular
17919.0,88,1,45.0,2,2,1,221,Churned
17920.0,4,17,3300.61,5,5,5,555,Champions
17921.0,64,4,808.07,3,4,4,344,Regular
17924.0,39,1,22.5,3,2,1,321,Regular
17926.0,133,2,295.85,2,3,3,233,Regular
17928.0,45,2,84.16,3,3,1,331,Regular
17930.0,36,5,207.6,3,5,2,352,Regular
17931.0,134,2,255.0,2,3,2,232,Regular
17932.0,29,3,1182.6200000000001,4,4,5,445,Champions
17934.0,59,1,182.40000000000003,3,2,2,322,Regular
17935.0,138,2,137.29,2,3,2,232,Regular
17936.0,5,1,261.49,5,2,2,522,Regular
17939.0,160,1,99.14,2,2,1,221,Churned
17942.0,8,1,1.9,5,2,1,521,Regular
17946.0,233,2,79.78,1,3,1,131,Regular
17947.0,37,1,63.72,3,2,1,321,Regular
17949.0,151,2,47.58,2,3,1,231,Regular
17950.0,72,3,323.57,3,4,3,343,Regular
17951.0,40,3,163.98000000000002,3,4,2,342,Regular
17954.0,5,11,2045.97,5,5,5,555,Champions
17955.0,219,3,179.35,1,4,2,142,Regular
17957.0,66,1,59.5,3,2,1,321,Regular
17958.0,117,1,85.16,2,2,1,221,Churned
17960.0,171,1,73.78,2,2,1,221,Churned
17961.0,21,38,922.74,4,5,4,454,Champions
17962.0,142,1,73.08,2,2,1,221,Churned
17964.0,32,2,316.65,4,3,3,433,Regular
17965.0,38,14,2035.23,3,5,5,355,Regular
17966.0,151,2,123.92999999999999,2,3,1,231,Regular
17967.0,372,1,103.17,1,2,1,121,Churned
17968.0,374,1,277.35,1,2,2,122,Churned
17969.0,166,2,71.7,2,3,1,231,Regular
17970.0,211,1,280.02,1,2,2,122,Churned
17972.0,242,1,97.39,1,2,1,121,Churned
17973.0,52,1,211.88,3,2,2,322,Regular
17974.0,25,3,666.1800000000001,4,4,4,444,Champions
17975.0,15,13,2202.34,5,5,5,555,Champions
17976.0,372,1,314.04,1,2,3,123,Churned
17977.0,29,1,86.11,4,2,1,421,Regular
17978.0,365,1,145.4,1,2,2,122,Churned
17979.0,36,4,541.73,3,4,4,344,Regular
17980.0,166,3,148.0,2,4,2,242,Regular
17984.0,145,1,139.93,2,2,2,222,Churned
17985.0,22,1,176.85,4,2,2,422,Regular
17986.0,56,1,20.8,3,2,1,321,Regular
17987.0,185,1,93.92999999999999,1,2,1,121,Churned
17988.0,12,7,107.87,5,5,1,551,Regular
17990.0,237,3,398.70000000000005,1,4,3,143,Regular
17991.0,225,2,8.850000000000001,1,3,1,131,Regular
17994.0,122,4,478.27,2,4,3,243,Regular
17995.0,282,1,23.6,1,2,1,121,Churned
17997.0,74,8,670.96,2,5,4,254,Regular
17999.0,37,2,325.96,3,3,3,333,Regular
18001.0,12,2,203.39000000000001,5,3,2,532,Regular
18004.0,362,1,147.77,1,2,2,122,Churned
18005.0,4,2,186.27,5,3,2,532,Regular
18006.0,23,1,275.08000000000004,4,2,2,422,Regular
18008.0,70,4,71.53,3,4,1,341,Regular
18009.0,235,1,169.66,1,2,2,122,Churned
18010.0,257,1,61.6,1,2,1,121,Churned
18011.0,373,1,92.84,1,2,1,121,Churned
18013.0,155,1,119.73,2,2,1,221,Churned
18014.0,28,1,166.42,4,2,2,422,Regular
18015.0,4,1,114.99,5,2,1,521,Regular
18016.0,32,5,960.66,4,5,4,454,Champions
18018.0,108,2,66.61,2,3,1,231,Regular
18019.0,52,1,28.5,3,2,1,321,Regular
18022.0,36,1,582.07,3,2,4,324,Regular
18024.0,153,1,67.63,2,2,1,221,Churned
18027.0,99,1,95.14999999999999,2,2,1,221,Churned
18030.0,4,2,35.45,5,3,1,531,Regular
18032.0,334,1,73.5,1,2,1,121,Churned
18033.0,65,1,75.97,3,2,1,321,Regular
18034.0,22,2,347.04,4,3,3,433,Regular
18035.0,36,3,197.92,3,4,2,342,Regular
18036.0,32,3,405.62,4,4,3,443,Regular
18037.0,154,6,41.12,2,5,1,251,Regular
18040.0,19,2,340.20000000000005,4,3,3,433,Regular
18041.0,12,21,2463.78,5,5,5,555,Champions
18042.0,54,1,93.35,3,2,1,321,Regular
18043.0,25,3,464.76,4,4,3,443,Regular
18044.0,4,10,1412.8600000000001,5,5,5,555,Champions
18045.0,45,1,159.9,3,2,2,322,Regular
18048.0,203,2,50.97,1,3,1,131,Regular
18050.0,359,1,74.4,1,2,1,121,Churned
18053.0,71,1,239.4,3,2,2,322,Regular
18055.0,7,10,4938.06,5,5,5,555,Champions
18056.0,288,1,222.9,1,2,2,122,Churned
18059.0,23,3,203.2,4,4,2,442,Regular
18061.0,22,8,542.2900000000001,4,5,4,454,Champions
18062.0,173,3,414.45,2,4,3,243,Regular
18064.0,133,1,48.0,2,2,1,221,Churned
18065.0,6,14,2176.7200000000003,5,5,5,555,Champions
18066.0,75,1,172.2,2,2,2,222,Churned
18067.0,40,1,298.63,3,2,3,323,Regular
18069.0,26,5,1901.45,4,5,5,455,Champions
18071.0,258,2,295.3,1,3,3,133,Regular
18072.0,186,1,134.88,1,2,1,121,Churned
18073.0,114,11,843.8000000000001,2,5,4,254,Regular
18074.0,374,1,143.60000000000002,1,2,2,122,Churned
18075.0,23,10,1836.3300000000002,4,5,5,455,Champions
18077.0,8,11,2198.41,5,5,5,555,Champions
18078.0,217,2,159.43,1,3,2,132,Regular
18079.0,45,3,196.45,3,4,2,342,Regular
18081.0,36,3,210.3,3,4,2,342,Regular
18082.0,26,1,501.17,4,2,3,423,Regular
18085.0,330,2,407.35,1,3,3,133,Regular
18086.0,274,1,71.1,1,2,1,121,Churned
18088.0,61,1,133.67000000000002,3,2,1,321,Regular
18092.0,39,4,249.39999999999998,3,4,2,342,Regular
18093.0,303,1,146.0,1,2,2,122,Churned
18094.0,82,6,731.24,2,5,4,254,Regular
18095.0,313,2,221.4,1,3,2,132,Regular
18096.0,12,3,733.55,5,4,4,544,Champions
18097.0,8,5,1174.56,5,5,5,555,Champions
18099.0,127,1,158.23,2,2,2,222,Churned
18101.0,11,2,163.95,5,3,2,532,Regular
18102.0,1,9,577.25,5,5,4,554,Champions
18104.0,37,1,699.92,3,2,4,324,Regular
18105.0,38,1,103.53,3,2,1,321,Regular
18106.0,330,1,292.3,1,2,3,123,Churned
18108.0,254,1,249.5,1,2,2,122,Churned
18109.0,2,26,2720.96,5,5,5,555,Champions
18110.0,20,1,218.4,4,2,2,422,Regular
18112.0,12,2,231.52,5,3,2,532,Regular
18114.0,290,1,169.7,1,2,2,122,Churned
18116.0,68,8,1238.8700000000001,3,5,5,355,Regular
18117.0,26,1,225.74,4,2,2,422,Regular
18118.0,11,26,4714.3,5,5,5,555,Champions
18119.0,368,1,74.33,1,2,1,121,Churned
18120.0,214,1,91.25,1,2,1,121,Churned
18121.0,149,2,324.71999999999997,2,3,3,233,Regular
18122.0,8,6,1674.8700000000001,5,5,5,555,Champions
18123.0,24,2,334.2,4,3,3,433,Regular
18125.0,30,4,929.53,4,4,4,444,Champions
18126.0,61,1,176.82999999999998,3,2,2,322,Regular
18127.0,19,3,258.74,4,4,2,442,Regular
18129.0,243,1,99.80000000000001,1,2,1,121,Churned
18130.0,15,3,883.2,5,4,4,544,Champions
18135.0,29,4,90.05,4,4,1,441,Regular
18136.0,63,3,562.49,3,4,4,344,Regular
18138.0,295,1,83.7,1,2,1,121,Churned
18139.0,18,6,276.6,4,5,2,452,Regular
18142.0,216,1,55.2,1,2,1,121,Churned
18143.0,117,2,934.57,2,3,4,234,Regular
18144.0,31,9,380.95,4,5,3,453,Regular
18145.0,13,4,2212.84,5,4,5,545,Champions
18146.0,141,2,94.35000000000001,2,3,1,231,Regular
18147.0,109,1,30.0,2,2,1,221,Churned
18149.0,51,3,225.1,3,4,2,342,Regular
18150.0,32,3,526.5,4,4,4,444,Champions
18151.0,135,2,521.4,2,3,3,233,Regular
18154.0,3,2,279.34,5,3,2,532,Regular
18155.0,75,3,331.3,2,4,3,243,Regular
18156.0,13,2,687.99,5,3,4,534,Regular
18158.0,9,2,453.4,5,3,3,533,Regular
18159.0,301,1,289.05,1,2,3,123,Churned
18160.0,57,2,580.36,3,3,4,334,Regular
18161.0,15,5,1100.3,5,5,4,554,Champions
18164.0,37,1,355.40000000000003,3,2,3,323,Regular
18165.0,177,1,44.1,2,2,1,221,Churned
18167.0,23,3,465.00000000000006,4,4,3,443,Regular
18168.0,176,6,834.98,2,5,4,254,Regular
18169.0,61,1,151.65,3,2,2,322,Regular
18170.0,33,3,465.67,4,4,3,443,Regular
18171.0,59,5,779.12,3,5,4,354,Regular
18172.0,31,13,2290.54,4,5,5,455,Champions
18173.0,87,4,235.96,2,4,2,242,Regular
18176.0,358,1,421.75,1,2,3,123,Churned
18177.0,31,6,987.82,4,5,4,454,Champions
18178.0,129,4,1470.7,2,4,5,245,Regular
18179.0,9,5,1114.14,5,5,4,554,Champions
18180.0,5,6,1306.9,5,5,5,555,Champions
18181.0,24,1,340.35,4,2,3,423,Regular
18183.0,227,2,477.65000000000003,1,3,3,133,Regular
18185.0,249,1,161.45,1,2,2,122,Churned
18188.0,15,3,1037.76,5,4,4,544,Champions
18189.0,78,2,966.0400000000001,2,3,4,234,Regular
18190.0,192,2,164.20000000000002,1,3,2,132,Regular
18191.0,262,1,116.0,1,2,1,121,Churned
18192.0,72,1,727.02,3,2,4,324,Regular
18193.0,165,1,201.95000000000002,2,2,2,222,Churned
18196.0,95,2,567.76,2,3,4,234,Regular
18198.0,4,17,1602.22,5,5,5,555,Champions
18200.0,106,1,163.8,2,2,2,222,Churned
18202.0,200,3,1024.3700000000001,1,4,4,144,Regular
18203.0,157,1,87.97,2,2,1,221,Churned
18204.0,71,3,1360.2,3,4,5,345,Regular
18205.0,36,2,418.16,3,3,3,333,Regular
18209.0,29,1,139.10000000000002,4,2,2,422,Regular
18210.0,2,6,1707.3200000000002,5,5,5,555,Champions
18211.0,26,5,457.67,4,5,3,453,Regular
18212.0,326,1,215.77,1,2,2,122,Churned
18213.0,237,1,190.48000000000002,1,2,2,122,Churned
18215.0,89,1,248.94,2,2,2,222,Churned
18216.0,31,1,317.35,4,2,3,423,Regular
18217.0,29,2,386.07,4,3,3,433,Regular
18218.0,211,2,215.39999999999998,1,3,2,132,Regular
18219.0,3,10,1671.4,5,5,5,555,Champions
18221.0,22,5,741.68,4,5,4,454,Champions
18222.0,93,1,194.55,2,2,2,222,Churned
18223.0,5,14,4667.400000000001,5,5,5,555,Champions
18224.0,264,1,158.95000000000002,1,2,2,122,Churned
18225.0,3,12,3174.79,5,5,5,555,Champions
18226.0,44,11,3314.23,3,5,5,355,Regular
18227.0,218,1,30.0,1,2,1,121,Churned
18228.0,57,2,537.49,3,3,4,334,Regular
18229.0,12,18,1866.44,5,5,5,555,Champions
18230.0,9,7,1365.1000000000001,5,5,5,555,Champions
18231.0,192,5,1445.22,1,5,5,155,Regular
18232.0,82,4,507.89,2,4,3,243,Regular
18235.0,72,3,1108.8400000000001,3,4,4,344,Regular
18236.0,30,6,776.19,4,5,4,454,Champions
18237.0,3,5,781.77,5,5,4,554,Champions
18239.0,219,5,1322.03,1,5,5,155,Regular
18240.0,46,1,35.7,3,2,1,321,Regular
18241.0,10,17,1548.2,5,5,5,555,Champions
18242.0,72,4,880.0,3,4,4,344,Regular
18245.0,7,7,2175.91,5,5,5,555,Champions
18246.0,233,1,29.5,1,2,1,121,Churned
18248.0,123,2,574.58,2,3,4,234,Regular
18249.0,17,1,81.66,4,2,1,421,Regular
18250.0,310,1,257.42,1,2,2,122,Churned
18252.0,51,2,399.92,3,3,3,333,Regular
18255.0,89,1,73.3,2,2,1,221,Churned
18257.0,39,8,1712.22,3,5,5,355,Regular
18259.0,85,2,339.1,2,3,3,233,Regular
18260.0,173,6,1656.64,2,5,5,255,Regular
18261.0,43,2,314.29,3,3,3,333,Regular
18262.0,140,1,117.32,2,2,1,221,Churned
18263.0,26,3,397.68,4,4,3,443,Regular
18265.0,72,2,590.21,3,3,4,334,Regular
18269.0,366,1,108.60000000000001,1,2,1,121,Churned
18270.0,38,2,191.7,3,3,2,332,Regular
18272.0,3,6,2529.4,5,5,5,555,Champions
18274.0,30,1,163.17,4,2,2,422,Regular
18276.0,44,1,153.46,3,2,2,322,Regular
18277.0,58,1,103.42,3,2,1,321,Regular
18278.0,74,1,173.9,2,2,2,222,Churned
18280.0,278,1,160.70000000000002,1,2,2,122,Churned
18281.0,181,1,46.92,2,2,1,221,Churned
18282.0,8,2,113.13000000000001,5,3,1,531,Regular
18283.0,4,16,2051.98,5,5,5,555,Champions
18287.0,59,2,518.38,3,3,3,333,Regular
